battery_power,blue,clock_speed,dual_sim,fc,four_g,int_memory,m_dep,mobile_wt,n_cores,pc,px_height,px_width,ram,sc_h,sc_w,talk_time,three_g,touch_screen,wifi,price_category
1277,Yes,0.5,Yes,0,Yes,35,0.4,142,6,6,309,1460,3559,18,17,6,Yes,Yes,No,Yes
1035,No,0.6,Yes,2,Yes,44,0.5,99,3,3,236,1960,3506,14,5,12,Yes,Yes,No,Yes
707,No,2.1,Yes,2,No,25,0.8,131,3,17,495,574,3838,9,2,7,Yes,No,Yes,Yes
1373,Yes,1,Yes,2,No,50,0.2,127,7,12,105,673,3800,8,3,14,Yes,No,No,Yes
1727,No,2.1,No,2,Yes,63,0.6,85,7,8,1463,1992,2457,19,13,7,Yes,No,Yes,Yes
1714,No,0.5,Yes,7,No,31,0.4,120,2,10,287,627,3707,5,1,19,No,No,Yes,Yes
1356,Yes,0.5,Yes,0,No,35,0.8,131,1,19,782,951,3451,5,2,17,Yes,Yes,Yes,Yes
823,No,1,Yes,9,Yes,18,0.2,182,5,16,1180,1350,3894,13,10,9,Yes,Yes,No,Yes
1496,Yes,1.3,Yes,0,Yes,6,0.5,85,3,9,549,1383,3571,16,1,11,Yes,Yes,Yes,Yes
1628,Yes,1.8,Yes,11,No,56,0.1,136,2,13,500,1713,3358,17,11,12,Yes,Yes,Yes,Yes
1224,Yes,1.6,No,9,No,33,1,157,1,18,522,563,3796,10,5,13,Yes,Yes,No,Yes
770,Yes,1.5,Yes,6,No,61,0.2,196,4,9,603,1483,3473,7,3,4,No,No,Yes,Yes
1814,No,1.4,Yes,1,Yes,9,0.4,141,2,2,756,786,3556,18,12,16,Yes,No,No,Yes
1658,Yes,1.4,No,0,Yes,39,0.7,182,1,5,410,522,3483,10,1,15,Yes,No,Yes,Yes
1062,Yes,2.5,Yes,6,No,10,0.9,160,1,13,1596,1807,3803,7,3,16,No,No,Yes,Yes
1920,No,0.6,Yes,3,Yes,19,0.5,131,3,8,670,1152,3943,13,0,4,Yes,Yes,No,Yes
869,No,1.3,Yes,3,No,34,0.1,104,2,4,478,539,3864,13,3,11,Yes,No,No,Yes
553,Yes,2.2,Yes,0,Yes,18,0.7,136,2,1,1287,1892,3300,12,10,20,Yes,No,No,Yes
1523,Yes,2.4,No,5,Yes,57,0.2,117,2,6,247,539,3971,18,12,10,Yes,Yes,Yes,Yes
1112,No,0.5,No,0,Yes,12,0.9,190,4,6,777,1119,3302,11,0,20,Yes,Yes,Yes,Yes
1589,Yes,2.2,Yes,2,No,58,0.1,128,4,4,957,1911,3961,16,14,14,Yes,No,Yes,Yes
1875,Yes,0.5,Yes,11,Yes,55,0.7,91,1,17,1802,1942,2712,7,2,6,Yes,No,Yes,Yes
1893,Yes,2.1,Yes,8,No,63,0.2,134,2,11,637,763,3822,14,3,18,No,Yes,Yes,Yes
1824,Yes,1.9,Yes,9,Yes,2,0.7,103,1,14,50,1105,3958,12,2,19,Yes,Yes,No,Yes
1333,No,1.4,No,3,Yes,59,0.7,183,7,5,394,1301,3442,18,16,5,Yes,Yes,No,Yes
1467,Yes,0.5,No,0,No,18,0.6,122,5,0,888,1099,3962,15,11,5,Yes,Yes,Yes,Yes
1922,No,0.5,No,15,Yes,42,0.6,153,8,16,725,1882,3564,12,1,17,Yes,No,No,Yes
1375,Yes,1.1,No,3,Yes,9,0.9,145,7,19,475,726,3869,19,18,10,Yes,Yes,Yes,Yes
1806,Yes,2,Yes,2,Yes,54,0.1,117,1,11,347,727,3142,13,0,6,Yes,No,Yes,Yes
1987,Yes,0.5,No,3,Yes,53,1,181,3,7,1052,1516,3117,18,5,8,Yes,Yes,Yes,Yes
1595,Yes,2.6,No,7,No,12,0.3,121,8,19,344,655,3608,15,1,16,No,Yes,No,Yes
1848,Yes,1.4,Yes,2,Yes,42,0.7,179,2,10,154,605,3902,11,9,3,Yes,No,Yes,Yes
1697,Yes,0.7,No,1,Yes,34,0.1,95,1,3,236,1264,3701,15,9,8,Yes,Yes,No,Yes
1276,Yes,2.9,Yes,2,No,53,0.3,130,2,3,217,735,3798,19,10,8,Yes,Yes,Yes,Yes
1042,No,2.7,Yes,16,Yes,50,0.8,93,7,18,727,1705,3215,18,0,20,Yes,Yes,Yes,Yes
1606,No,1.4,No,3,No,57,0.1,154,4,4,1127,1924,3454,13,8,20,No,No,Yes,Yes
781,No,1.1,No,2,No,38,0.4,198,5,7,304,1674,3508,13,8,5,No,No,Yes,Yes
914,Yes,0.7,No,1,Yes,60,0.9,198,5,4,740,840,3736,14,8,5,Yes,No,No,Yes
539,No,1.5,No,6,Yes,26,0.2,137,6,8,1123,1709,3948,18,11,15,Yes,Yes,Yes,Yes
1606,Yes,0.5,Yes,0,Yes,33,0.9,200,5,0,157,770,3437,11,1,2,Yes,No,No,Yes
1454,Yes,0.5,Yes,1,No,34,0.7,83,4,3,250,1033,3419,7,5,5,Yes,Yes,No,Yes
815,No,2,Yes,4,No,51,0.3,85,6,12,982,1291,3469,5,4,6,Yes,No,Yes,Yes
1164,Yes,2.6,Yes,0,No,61,0.3,88,1,6,1107,1656,3859,11,10,17,No,Yes,No,Yes
1831,No,1.4,Yes,2,No,43,0.9,150,5,5,611,1381,3834,17,7,13,Yes,Yes,Yes,Yes
1938,Yes,0.5,Yes,5,No,44,0.5,121,2,9,1299,1935,3497,18,10,18,No,Yes,No,Yes
1030,No,1.6,Yes,3,Yes,58,0.2,138,6,20,1111,1812,2858,6,2,18,Yes,Yes,Yes,Yes
1804,No,0.5,No,9,Yes,22,0.6,153,7,19,1158,1244,3472,9,1,20,Yes,No,Yes,Yes
1278,Yes,1.2,No,10,Yes,60,0.6,172,7,14,1244,1504,3142,11,4,19,Yes,No,Yes,Yes
843,No,1.8,Yes,0,No,16,0.1,166,5,6,981,1096,3673,12,1,20,Yes,No,Yes,Yes
1880,No,0.5,No,0,Yes,7,0.6,104,4,1,890,1019,2968,9,0,3,Yes,Yes,No,Yes
1765,No,1.1,No,3,No,11,0.7,87,2,7,835,1175,3695,6,5,18,Yes,No,No,Yes
1652,No,0.6,Yes,4,Yes,40,1,198,7,6,352,1084,3592,7,6,6,Yes,No,No,Yes
1157,Yes,0.8,No,7,No,27,0.1,88,8,8,1694,1798,2885,8,4,2,Yes,No,Yes,Yes
1776,No,2.2,No,2,No,20,0.9,82,6,16,1563,1803,2671,15,10,12,No,Yes,Yes,Yes
732,Yes,1.3,No,5,Yes,32,0.4,163,8,7,1661,1836,3883,12,2,5,Yes,No,Yes,Yes
1108,Yes,2.9,No,10,No,52,0.1,183,2,12,130,1706,3264,16,1,13,No,Yes,Yes,Yes
1005,No,0.5,No,0,No,46,0.4,133,8,17,176,1556,3884,17,0,20,No,Yes,Yes,Yes
1429,No,1.5,Yes,0,Yes,40,0.9,100,3,14,246,820,3945,11,7,18,Yes,No,Yes,Yes
1884,No,2.1,Yes,7,Yes,43,0.8,185,1,18,451,819,3619,14,8,7,Yes,Yes,Yes,Yes
1479,No,0.5,No,8,No,19,0.6,156,3,10,180,1476,3323,13,12,6,Yes,No,Yes,Yes
689,No,1.4,No,2,No,45,0.5,103,5,11,256,823,3585,10,1,10,Yes,No,No,Yes
1735,Yes,1.9,Yes,0,Yes,59,0.7,148,6,0,137,846,3230,6,1,9,Yes,Yes,No,Yes
1980,No,0.5,Yes,2,Yes,29,0.8,177,1,13,312,1910,3865,12,10,18,Yes,No,No,Yes
664,No,1.5,No,5,Yes,6,0.9,164,2,19,1076,1472,3774,11,5,18,Yes,No,No,Yes
1977,No,1.3,Yes,2,No,31,0.4,173,8,6,1145,1356,2641,8,2,7,No,No,No,Yes
1786,No,1.2,No,11,No,61,0.1,123,3,14,74,865,3033,14,11,17,No,Yes,No,Yes
1849,Yes,0.5,No,1,No,29,0.5,181,7,12,978,1986,3330,14,4,15,Yes,No,Yes,Yes
906,No,2.1,Yes,7,No,18,0.1,136,2,11,1102,1793,3412,13,8,16,Yes,No,No,Yes
987,No,1.3,Yes,0,Yes,61,0.4,107,3,9,581,820,3963,9,4,20,Yes,No,Yes,Yes
1768,Yes,2,No,0,Yes,2,0.8,88,7,2,1303,1814,3256,9,6,5,Yes,Yes,No,Yes
1461,No,2.4,Yes,3,Yes,40,0.5,141,7,4,1265,1298,3799,16,1,4,Yes,No,No,Yes
1562,No,0.5,Yes,1,Yes,20,0.8,172,8,10,678,1676,3465,16,11,6,Yes,Yes,No,Yes
805,No,0.8,No,1,No,34,0.6,88,6,2,1262,1538,3647,18,11,9,Yes,No,Yes,Yes
959,Yes,1.3,Yes,0,No,36,0.4,196,5,14,1313,1331,3073,19,1,8,Yes,Yes,Yes,Yes
1240,No,1.6,No,0,No,39,0.1,146,2,9,1511,1756,3260,13,1,17,No,No,Yes,Yes
596,No,2.1,Yes,9,No,64,0.8,111,8,15,885,1854,3238,16,13,10,No,No,No,Yes
712,Yes,1.6,No,6,Yes,9,0.8,172,2,14,881,1234,3612,13,5,4,Yes,No,No,Yes
1515,Yes,2.1,Yes,4,Yes,24,0.9,176,5,6,747,1247,3104,6,5,20,Yes,No,No,Yes
648,Yes,0.5,Yes,9,Yes,54,0.4,109,5,20,1153,1817,3124,5,0,13,Yes,No,No,Yes
1927,No,0.9,Yes,3,No,11,0.4,190,8,12,491,1506,2916,16,11,18,No,Yes,Yes,Yes
1362,Yes,2.9,No,0,No,47,0.5,186,6,4,600,1042,3629,19,17,5,No,Yes,Yes,Yes
1589,Yes,1.4,No,3,Yes,26,0.1,100,8,16,1673,1759,3970,16,8,18,Yes,No,Yes,Yes
1722,Yes,1,No,7,No,25,0.8,88,6,19,1179,1638,2376,5,1,19,No,No,Yes,Yes
685,No,0.5,Yes,8,Yes,13,0.8,82,7,15,1091,1203,3210,15,7,2,Yes,Yes,Yes,Yes
1063,Yes,1.1,No,0,Yes,26,0.8,101,5,2,1208,1232,3809,17,16,5,Yes,No,Yes,Yes
1659,No,2.8,No,5,No,16,0.6,89,1,20,819,902,3255,19,14,9,No,No,Yes,Yes
1816,Yes,1.6,Yes,0,No,50,0.1,186,5,2,800,1089,3637,11,7,16,No,No,Yes,Yes
1855,No,0.5,No,5,No,32,0.6,187,8,18,267,1161,3933,7,0,7,Yes,No,Yes,Yes
1086,No,2.7,No,0,Yes,24,0.1,135,8,19,1874,1976,3930,17,1,18,Yes,Yes,Yes,Yes
1567,No,2.1,Yes,3,No,22,0.8,153,3,19,190,1326,3991,15,2,10,Yes,No,No,Yes
1537,No,2.9,No,11,Yes,46,0.8,158,4,17,686,1305,2857,17,14,2,Yes,Yes,Yes,Yes
912,No,0.5,Yes,0,No,58,0.3,107,5,1,165,1723,3573,17,3,20,Yes,Yes,No,Yes
1310,Yes,2.2,Yes,0,Yes,51,0.6,100,4,0,178,1919,3845,7,0,12,Yes,Yes,No,Yes
1558,Yes,2.4,No,0,Yes,27,0.1,146,1,1,120,1409,3598,9,2,12,Yes,No,Yes,Yes
1492,Yes,1.5,No,5,No,11,0.9,85,3,7,1684,1746,2259,14,12,19,No,Yes,Yes,Yes
1270,Yes,2.3,No,0,No,58,0.5,104,5,1,1512,1716,3299,13,4,16,No,No,Yes,Yes
1312,No,1.3,No,5,Yes,10,0.6,163,2,9,95,893,3941,6,2,13,Yes,Yes,Yes,Yes
1780,Yes,0.5,No,6,No,27,0.1,190,4,11,1331,1463,2776,19,17,14,Yes,Yes,Yes,Yes
860,Yes,1.3,Yes,1,Yes,49,0.7,141,6,13,692,979,3869,16,14,20,Yes,Yes,Yes,Yes
956,No,0.5,No,1,Yes,41,1,143,7,6,511,1075,3286,17,8,12,Yes,Yes,No,Yes
1221,No,0.5,No,1,Yes,28,0.5,139,1,7,1895,1976,2438,13,11,10,Yes,Yes,Yes,Yes
1000,Yes,0.5,No,12,No,63,0.7,179,8,18,1537,1761,3744,11,1,7,No,No,Yes,Yes
825,No,0.5,Yes,0,Yes,23,0.1,86,2,0,206,1917,3278,8,6,2,Yes,No,Yes,Yes
838,No,0.5,No,1,Yes,13,0.1,196,8,4,984,1850,3554,10,9,19,Yes,No,Yes,Yes
1577,No,1,Yes,0,Yes,64,0.1,105,3,7,116,1432,2967,7,3,7,Yes,Yes,Yes,Yes
1018,No,2.2,No,8,No,16,0.6,153,8,10,992,1433,3143,17,12,20,No,Yes,No,Yes
948,No,2.3,No,14,No,22,0.1,173,5,20,257,1654,3499,11,7,19,Yes,Yes,Yes,Yes
1960,Yes,2.1,No,1,No,7,0.2,165,7,9,868,877,3773,11,9,6,No,Yes,Yes,Yes
1908,No,0.5,No,9,Yes,30,1,111,2,19,140,1046,2944,19,17,17,Yes,No,Yes,Yes
1112,Yes,0.5,Yes,1,No,53,0.6,121,4,16,234,739,3655,7,3,20,Yes,Yes,No,Yes
1796,Yes,2.3,No,4,No,44,0.9,184,2,11,1024,1363,3577,17,7,4,Yes,Yes,No,Yes
911,No,1.4,Yes,3,No,14,0.7,199,4,4,1563,1692,2933,16,3,11,No,Yes,No,Yes
1479,Yes,1.8,Yes,0,Yes,24,0.1,146,6,0,327,645,3762,12,10,5,Yes,No,No,Yes
865,No,2.9,No,5,No,16,0.1,89,4,12,335,1009,3494,13,3,14,No,No,Yes,Yes
1911,Yes,2,No,7,Yes,64,0.6,163,8,8,1795,1958,3872,9,8,11,Yes,Yes,No,Yes
1225,Yes,2.1,Yes,8,No,13,0.5,116,4,12,759,1404,3836,12,11,11,No,No,No,Yes
1035,No,0.5,Yes,14,Yes,49,0.3,178,2,15,574,1171,3991,12,4,19,Yes,No,No,Yes
793,No,1.2,Yes,1,Yes,38,0.6,176,4,7,1226,1815,3139,6,1,12,Yes,Yes,Yes,Yes
1702,Yes,2.3,No,12,Yes,52,0.5,145,2,15,1397,1491,2501,16,12,4,Yes,No,No,Yes
503,Yes,1.8,Yes,1,Yes,13,0.7,131,1,4,1495,1688,3117,19,6,9,Yes,No,Yes,Yes
1695,No,2.3,Yes,1,No,34,0.4,84,5,10,713,1742,3296,17,6,14,No,No,No,Yes
719,Yes,0.5,Yes,0,Yes,23,0.4,113,6,9,431,1727,3990,14,9,12,Yes,Yes,Yes,Yes
1366,Yes,0.7,Yes,0,Yes,34,0.1,150,2,9,402,964,3501,13,11,3,Yes,No,No,Yes
1379,No,0.5,Yes,1,No,19,0.3,134,8,17,387,671,3912,11,2,19,No,Yes,Yes,Yes
1187,Yes,2.2,No,0,Yes,46,0.4,145,2,9,1173,1814,3917,13,11,8,Yes,No,Yes,Yes
1670,Yes,3,No,14,No,62,0.5,114,8,20,1117,1330,3024,6,0,20,No,No,Yes,Yes
1965,Yes,0.5,No,4,Yes,29,0.5,149,5,13,584,676,2973,11,1,20,Yes,Yes,Yes,Yes
694,Yes,1.8,Yes,15,No,36,0.4,193,4,20,983,1230,3676,12,8,5,Yes,No,Yes,Yes
1748,No,1.7,Yes,6,Yes,14,0.5,146,3,7,859,1234,3968,16,12,3,Yes,No,Yes,Yes
1164,No,1,No,4,Yes,19,0.9,95,8,18,729,1704,3309,15,3,3,Yes,No,Yes,Yes
825,Yes,0.5,Yes,7,No,52,0.9,130,3,10,597,863,3534,10,4,6,No,Yes,No,Yes
781,Yes,1.3,Yes,1,No,64,0.2,88,2,7,368,607,3862,17,10,9,No,No,No,Yes
1520,No,0.5,No,1,Yes,24,0.7,199,5,8,109,1909,3233,13,3,4,Yes,No,Yes,Yes
1038,No,1.2,No,3,No,43,0.7,141,1,5,4,638,3709,11,0,12,Yes,Yes,Yes,Yes
1709,Yes,2.1,No,1,No,13,1,156,2,2,974,1385,3283,17,1,15,Yes,No,No,Yes
1494,No,1.6,No,3,Yes,45,0.8,158,5,4,449,790,3208,11,9,4,Yes,No,No,Yes
1766,Yes,0.5,Yes,1,No,16,0.6,141,5,7,125,1227,3314,9,7,17,No,No,Yes,Yes
1494,No,1.9,No,2,Yes,47,0.4,129,2,9,207,1177,3202,13,1,14,Yes,No,No,Yes
1589,No,0.6,No,0,No,5,0.8,112,5,2,776,1397,3430,7,5,19,Yes,Yes,Yes,Yes
1312,Yes,0.8,Yes,0,No,24,0.9,156,6,0,115,1791,3833,14,13,17,No,Yes,No,Yes
1871,No,2.1,No,4,Yes,41,0.4,144,8,5,275,1966,2727,15,8,11,Yes,No,No,Yes
777,Yes,2.6,No,3,No,30,0.9,148,5,17,189,1143,3886,14,10,7,Yes,No,No,Yes
1569,No,0.5,Yes,3,No,33,0.2,147,1,13,519,930,3538,18,1,15,Yes,No,Yes,Yes
1071,No,2.6,No,0,No,49,0.3,199,4,5,1328,1970,3393,6,5,7,Yes,No,No,Yes
1046,Yes,2.8,Yes,0,Yes,58,0.2,100,8,0,259,1040,3863,17,12,9,Yes,Yes,Yes,Yes
1414,Yes,1.5,Yes,5,No,44,0.5,180,2,6,44,1118,3490,16,12,13,No,Yes,No,Yes
1976,Yes,0.7,Yes,4,No,32,0.8,171,2,7,1301,1922,3699,17,11,13,No,Yes,Yes,Yes
1128,Yes,1.4,No,12,No,53,0.4,84,5,14,609,1370,2982,14,9,12,Yes,Yes,No,Yes
1373,Yes,1.9,Yes,1,Yes,29,0.9,141,6,12,1220,1348,2752,15,2,7,Yes,Yes,Yes,Yes
1135,Yes,2,Yes,0,No,46,0.3,83,1,4,293,1846,3029,19,17,9,Yes,Yes,Yes,Yes
840,No,0.6,No,0,Yes,63,0.8,137,7,19,987,1081,3486,12,8,18,Yes,Yes,No,Yes
753,Yes,0.5,No,11,Yes,48,0.1,121,8,20,606,1316,3484,11,10,16,Yes,No,No,Yes
1576,Yes,2.2,No,8,No,5,0.7,139,3,17,258,789,3904,5,1,7,Yes,Yes,Yes,Yes
1646,Yes,2.3,No,8,Yes,41,0.2,185,2,10,1725,1932,3339,18,10,19,Yes,Yes,No,Yes
1446,Yes,2.8,Yes,0,Yes,18,0.3,178,8,1,351,1769,3340,8,0,16,Yes,Yes,Yes,Yes
1034,Yes,2.7,Yes,6,No,37,0.7,120,7,20,707,1199,3625,17,1,12,No,Yes,Yes,Yes
1020,Yes,0.7,Yes,3,Yes,27,0.7,128,4,4,919,1482,3204,18,1,9,Yes,No,Yes,Yes
902,Yes,0.7,No,3,No,3,0.3,134,7,9,675,1285,3411,12,11,15,No,No,Yes,Yes
1119,No,0.5,Yes,0,Yes,23,0.4,164,4,1,821,915,3520,7,4,7,Yes,No,No,Yes
1988,Yes,0.5,No,0,Yes,16,0.1,94,8,1,153,696,3144,16,2,14,Yes,No,No,Yes
1138,No,1.4,No,12,Yes,44,0.2,187,8,17,111,1138,3475,19,3,3,Yes,No,No,Yes
1413,Yes,0.5,Yes,4,Yes,45,0.4,104,5,6,1949,1994,2973,17,8,15,Yes,No,Yes,Yes
752,No,0.5,Yes,1,No,48,0.7,87,7,13,164,728,3860,7,5,16,No,No,No,Yes
1827,Yes,0.8,No,4,No,61,0.9,130,7,9,253,1764,2693,8,3,7,No,Yes,Yes,Yes
1108,No,1,No,3,No,49,0.7,140,5,12,1298,1666,3254,12,0,16,Yes,No,No,Yes
1425,Yes,0.6,No,0,Yes,33,0.5,89,3,2,396,1648,3771,10,3,9,Yes,No,Yes,Yes
1745,No,1.5,Yes,4,Yes,57,0.1,159,3,16,1164,1908,2885,13,11,5,Yes,Yes,Yes,Yes
1253,No,0.7,No,0,Yes,34,0.9,113,4,10,161,647,3518,7,3,8,Yes,Yes,Yes,Yes
853,Yes,2,No,10,Yes,3,0.6,200,2,16,674,740,3701,15,8,8,Yes,Yes,No,Yes
1358,No,2.5,Yes,0,No,20,0.6,135,7,0,1485,1655,3406,5,1,11,No,No,Yes,Yes
1136,Yes,1.6,No,15,No,32,0.5,150,6,19,961,1030,3210,10,3,8,Yes,Yes,Yes,Yes
517,No,1.4,Yes,3,Yes,33,0.8,183,4,8,660,974,3704,17,16,11,Yes,No,Yes,Yes
727,Yes,2.5,Yes,0,Yes,64,0.2,193,1,9,664,711,3654,9,1,16,Yes,Yes,No,Yes
1314,Yes,2.2,No,0,Yes,40,0.8,116,7,1,328,1858,3033,9,8,17,Yes,Yes,Yes,Yes
1864,No,1.9,Yes,2,No,57,0.1,181,6,6,1279,1793,3586,19,9,8,No,No,Yes,Yes
1808,Yes,0.5,Yes,1,No,31,0.5,92,2,16,714,1208,2736,9,1,8,No,No,Yes,Yes
1937,Yes,1.7,No,17,No,58,0.6,189,1,19,1728,1767,3321,5,4,14,Yes,Yes,No,Yes
1692,No,2.1,No,4,Yes,2,0.9,106,1,17,1899,1904,3779,9,3,7,Yes,Yes,Yes,Yes
1889,No,2.8,No,5,Yes,31,1,132,1,10,170,1106,3672,5,1,3,Yes,Yes,Yes,Yes
774,Yes,2.8,No,7,Yes,55,0.9,124,3,18,8,896,3916,8,1,12,Yes,Yes,No,Yes
908,No,2.1,No,1,No,44,0.6,95,5,2,154,941,3518,16,12,7,Yes,Yes,Yes,Yes
1395,Yes,2.8,No,0,Yes,55,0.6,118,3,1,782,1787,3373,11,2,16,Yes,Yes,No,Yes
1829,Yes,2.1,No,8,No,59,0.1,91,5,15,1457,1919,3142,16,6,5,Yes,Yes,Yes,Yes
1546,Yes,0.5,Yes,3,Yes,6,0.2,101,1,4,91,1317,3521,15,11,9,Yes,No,No,Yes
1564,No,1.5,Yes,1,No,42,0.7,108,2,2,1619,1962,3376,7,0,7,No,Yes,No,Yes
888,No,2.6,Yes,2,Yes,33,0.4,198,2,17,327,1683,3407,12,1,20,Yes,No,No,Yes
1504,No,2.3,Yes,1,No,64,0.9,182,1,2,19,1923,3059,6,5,10,No,Yes,No,Yes
1359,No,0.6,No,4,No,59,0.3,86,2,6,1692,1902,3142,19,3,17,No,Yes,Yes,Yes
1537,Yes,2.5,No,4,Yes,43,0.3,137,1,5,839,1131,3685,18,17,17,Yes,Yes,Yes,Yes
1860,Yes,2.3,No,15,No,23,0.6,162,4,16,1362,1506,3918,9,2,8,No,Yes,No,Yes
1960,Yes,2.3,Yes,1,Yes,61,0.3,86,7,3,205,1299,3865,10,7,11,Yes,No,No,Yes
586,No,0.5,Yes,1,No,57,0.3,188,2,5,1226,1389,3646,15,4,11,Yes,Yes,Yes,Yes
979,No,0.5,Yes,0,Yes,5,0.5,164,7,2,793,1670,3449,5,2,14,Yes,No,No,Yes
1406,No,0.5,Yes,2,Yes,34,0.8,98,3,5,1017,1366,3915,9,8,2,Yes,No,Yes,Yes
858,No,2.2,No,1,No,50,0.1,84,1,2,528,1416,3978,17,16,3,Yes,Yes,No,Yes
864,No,2.5,No,10,Yes,24,0.7,148,4,15,1362,1378,3964,13,8,12,Yes,Yes,No,Yes
1957,No,0.9,Yes,11,No,31,0.6,181,3,16,396,1732,3801,12,0,7,Yes,No,Yes,Yes
591,Yes,0.5,Yes,1,Yes,16,0.9,90,6,17,892,1603,3746,5,0,5,Yes,Yes,No,Yes
1289,No,0.8,Yes,3,Yes,16,0.9,161,6,17,713,1854,3167,14,8,20,Yes,Yes,No,Yes
584,Yes,1.7,Yes,1,Yes,19,0.4,199,4,4,919,1343,3996,12,9,17,Yes,Yes,Yes,Yes
610,Yes,1.6,Yes,9,No,52,0.4,90,4,19,1039,1273,3472,10,4,12,Yes,Yes,Yes,Yes
1497,Yes,0.9,Yes,4,Yes,10,0.1,153,8,20,98,977,3696,9,0,3,Yes,No,Yes,Yes
1809,No,0.5,No,6,No,23,0.7,123,6,19,433,1661,2784,12,6,20,Yes,Yes,Yes,Yes
1554,Yes,0.5,Yes,11,No,5,1,124,3,12,395,1579,3635,7,4,18,No,No,No,Yes
1891,No,2.8,No,7,Yes,37,0.4,129,7,14,169,1108,3704,8,6,11,Yes,No,No,Yes
1924,No,2.6,No,0,Yes,59,0.9,136,6,0,1438,1923,3646,10,9,16,Yes,No,Yes,Yes
1004,Yes,2.9,Yes,0,No,35,0.2,141,6,9,901,1162,3772,17,8,18,No,Yes,Yes,Yes
1673,No,2.8,Yes,7,No,9,0.1,187,3,10,65,734,3669,9,1,10,Yes,No,Yes,Yes
1356,No,2.8,No,0,No,29,0.5,198,6,0,1612,1983,3702,17,0,19,No,No,No,Yes
658,Yes,2.7,No,0,Yes,12,0.9,103,7,3,1156,1750,3587,14,11,20,Yes,No,No,Yes
1184,No,1.5,Yes,1,Yes,48,0.6,191,1,6,519,1577,3315,17,7,14,Yes,Yes,Yes,Yes
1498,Yes,0.7,No,3,Yes,8,0.1,170,7,4,347,1076,3358,7,3,19,Yes,No,No,Yes
1837,No,1,Yes,5,Yes,12,0.9,103,8,6,1420,1539,2294,8,7,20,Yes,No,Yes,Yes
1137,Yes,1,No,18,No,7,1,196,3,19,942,1179,3616,13,5,12,Yes,Yes,Yes,Yes
1590,No,1.5,Yes,12,Yes,14,0.5,187,4,15,1058,1109,2836,6,5,4,Yes,No,No,Yes
866,No,0.5,Yes,5,Yes,46,0.5,179,8,7,692,1686,3825,12,11,2,Yes,Yes,Yes,Yes
1628,No,0.5,No,5,Yes,33,0.9,101,6,8,412,643,3361,16,10,13,Yes,No,No,Yes
1510,Yes,0.9,Yes,2,No,45,0.9,180,5,3,708,1752,3484,9,6,11,No,Yes,Yes,Yes
1583,Yes,1.6,No,5,Yes,42,0.8,118,3,10,275,862,3652,14,10,9,Yes,No,No,Yes
875,Yes,1.4,Yes,1,Yes,43,0.6,104,8,3,902,969,3396,14,2,18,Yes,No,No,Yes
1945,No,1.2,No,3,No,26,0.7,112,6,5,1064,1540,3322,18,7,20,No,No,Yes,Yes
1992,Yes,0.6,Yes,11,No,2,0.1,141,1,14,649,895,3206,10,9,10,Yes,Yes,No,Yes
1677,No,1.8,Yes,4,No,11,0.7,124,6,8,271,1477,3771,15,6,12,Yes,No,No,Yes
822,Yes,0.5,No,0,Yes,51,0.3,157,6,20,667,860,3846,10,1,3,Yes,No,No,Yes
1126,No,0.7,No,3,No,49,0.9,165,8,17,114,1726,3739,14,1,13,Yes,No,No,Yes
1843,Yes,1.8,Yes,13,Yes,16,0.7,134,6,18,118,580,3213,15,14,15,Yes,Yes,No,Yes
1911,No,0.9,Yes,1,Yes,36,0.7,108,8,3,868,1632,3057,9,1,5,Yes,Yes,No,Yes
1582,No,2.8,No,2,Yes,44,0.5,112,6,13,1486,1797,3890,17,10,10,Yes,Yes,Yes,Yes
1627,No,0.9,Yes,9,Yes,32,0.1,180,6,16,52,1082,3206,12,6,16,Yes,Yes,No,Yes
1926,Yes,1.1,No,13,Yes,50,0.2,179,6,17,371,1000,3809,17,12,17,Yes,Yes,No,Yes
1640,No,0.5,Yes,1,Yes,36,0.9,87,8,11,664,1806,3235,6,1,10,Yes,No,Yes,Yes
1688,No,2.5,No,0,Yes,21,0.2,170,7,0,650,864,3984,17,14,8,Yes,Yes,Yes,Yes
1414,No,2,Yes,2,No,54,0.8,99,7,3,262,829,3799,17,7,7,Yes,No,Yes,Yes
1166,Yes,0.5,No,7,No,59,0.5,80,1,11,437,638,3887,8,6,7,Yes,No,Yes,Yes
1790,Yes,2.3,Yes,3,Yes,49,0.5,100,3,11,396,1980,3568,6,2,18,Yes,No,Yes,Yes
1168,No,1.3,No,9,No,61,0.1,90,8,10,159,1578,3173,9,4,17,No,No,Yes,Yes
1369,Yes,1.7,Yes,3,No,28,0.6,108,1,18,1451,1469,3206,16,15,4,No,No,No,Yes
1135,Yes,2.8,Yes,9,No,43,0.4,158,1,11,690,1589,3204,18,13,6,Yes,No,No,Yes
1836,Yes,2.1,Yes,0,Yes,30,0.2,184,7,15,276,1230,3072,7,3,5,Yes,Yes,No,Yes
720,Yes,1.4,Yes,0,Yes,61,0.6,96,7,8,1347,1733,2799,5,3,15,Yes,No,Yes,Yes
1654,Yes,1.5,Yes,0,Yes,43,0.3,109,2,0,546,629,3112,12,5,10,Yes,Yes,No,Yes
1887,Yes,3,Yes,6,Yes,17,0.2,126,8,7,1172,1798,3348,18,16,16,Yes,Yes,No,Yes
1077,Yes,1.7,Yes,1,No,58,0.8,86,7,13,135,1892,3902,9,3,3,Yes,No,No,Yes
1557,No,2.8,Yes,16,No,2,0.1,123,5,20,1107,1442,2690,18,16,9,No,No,Yes,Yes
1717,Yes,1.3,No,1,No,62,0.7,130,1,3,609,810,3226,6,4,5,No,Yes,No,Yes
1576,Yes,0.9,Yes,0,Yes,14,0.4,173,2,4,1213,1386,3220,17,2,6,Yes,Yes,No,Yes
1231,No,0.7,Yes,2,No,7,0.9,113,1,7,43,1663,3119,9,4,15,Yes,Yes,No,Yes
1699,No,0.5,Yes,1,No,59,0.5,97,4,3,466,1768,3796,17,10,12,No,Yes,Yes,Yes
1830,Yes,1,No,7,Yes,47,0.3,117,1,11,1191,1882,3362,13,10,11,Yes,No,No,Yes
1470,Yes,1.7,Yes,6,No,45,0.1,121,1,9,777,1090,3259,10,1,14,Yes,No,Yes,Yes
1318,Yes,2.4,No,1,Yes,45,0.1,136,2,7,183,661,755,18,3,9,Yes,No,Yes,No
805,Yes,1.7,Yes,0,Yes,58,0.9,168,3,10,81,1544,3397,7,6,2,Yes,No,No,No
946,No,1.7,Yes,8,Yes,25,0.8,143,6,15,650,1740,2177,7,5,13,Yes,Yes,Yes,No
535,No,1.9,No,5,No,24,0.2,190,8,19,398,1775,524,9,3,4,No,No,No,No
1840,No,0.5,Yes,12,No,34,0.7,142,1,16,311,1545,1078,8,0,10,No,No,No,No
924,No,0.5,Yes,0,Yes,47,0.3,167,8,6,108,1813,1620,17,15,12,Yes,No,No,No
543,No,0.5,No,0,No,57,0.7,192,5,4,391,984,2413,17,14,15,Yes,No,No,No
1944,Yes,0.5,No,5,Yes,36,0.1,197,6,18,1060,1970,584,17,14,13,Yes,Yes,No,No
590,Yes,1.2,Yes,0,No,32,0.4,141,6,1,227,509,1817,10,0,6,No,Yes,No,No
1063,No,2,No,0,No,27,0.2,86,6,7,201,582,2668,12,5,19,No,No,No,No
514,Yes,2.9,Yes,5,No,18,0.7,141,2,8,1083,1492,980,13,7,16,No,No,Yes,No
1698,No,2.8,No,10,Yes,7,0.8,131,8,12,26,508,2992,15,3,17,Yes,Yes,No,No
1008,No,2.5,No,3,No,36,1,109,1,14,825,1972,1083,6,4,6,No,No,No,No
535,Yes,0.5,Yes,8,Yes,54,0.5,145,8,15,710,939,2674,14,8,10,Yes,No,No,No
962,No,1,Yes,14,No,2,0.9,125,1,20,1618,1916,1491,16,2,14,Yes,No,No,No
1237,No,0.5,No,2,No,27,0.1,87,8,5,274,603,2454,14,0,8,Yes,Yes,Yes,No
1811,Yes,0.5,Yes,0,No,32,1,115,6,0,204,1132,348,17,11,18,Yes,No,Yes,No
714,Yes,2.1,Yes,5,Yes,11,0.1,197,3,6,1750,1857,1164,15,12,19,Yes,Yes,No,No
1720,No,2,No,15,Yes,55,0.5,168,2,18,753,1353,2148,14,2,5,Yes,Yes,Yes,No
1337,Yes,2.7,Yes,0,No,5,0.7,200,4,1,161,1029,3242,10,1,20,No,Yes,No,No
1052,No,0.9,No,1,No,6,0.8,195,4,16,1191,1839,552,6,1,11,No,No,Yes,No
829,No,0.5,No,0,No,56,0.6,129,7,1,91,1916,820,12,6,11,Yes,No,Yes,No
794,Yes,0.5,Yes,0,Yes,2,0.8,106,6,14,1222,1890,668,13,4,19,Yes,Yes,No,No
553,No,2.4,Yes,1,Yes,8,0.5,121,7,3,325,902,1204,11,4,8,Yes,Yes,Yes,No
1725,No,0.5,Yes,8,Yes,52,1,185,6,12,1125,1195,1243,19,18,5,Yes,Yes,Yes,No
551,Yes,2.8,No,0,Yes,54,0.1,172,7,15,169,1916,1414,6,1,19,Yes,No,Yes,No
999,No,1.7,No,6,No,49,0.6,132,1,17,608,1970,1598,7,0,8,No,Yes,No,No
1708,No,0.8,No,8,Yes,14,0.9,197,4,16,263,1345,1247,19,16,16,Yes,No,No,No
1142,Yes,1.2,No,0,No,2,0.6,114,6,0,623,769,1747,7,0,14,No,Yes,No,No
879,Yes,2.5,No,11,Yes,14,0.7,83,6,15,403,1105,349,16,10,2,Yes,No,Yes,No
1832,No,0.7,No,2,No,2,0.6,90,7,6,186,654,2978,18,7,18,No,No,No,No
1109,No,2.1,No,1,No,34,0.1,173,1,4,165,1103,2821,13,5,17,Yes,No,Yes,No
765,No,2.9,No,0,Yes,18,0.1,153,7,0,6,793,1066,11,1,16,Yes,Yes,No,No
1813,Yes,0.6,Yes,0,Yes,5,0.2,198,3,8,338,1306,759,9,3,14,Yes,Yes,No,No
1528,Yes,1.8,Yes,3,Yes,55,0.8,129,5,6,454,1762,1282,11,9,11,Yes,Yes,Yes,No
1587,Yes,0.5,No,0,No,50,0.9,148,8,15,299,874,461,17,4,4,Yes,No,Yes,No
563,Yes,0.5,Yes,2,Yes,41,0.9,145,5,6,1263,1716,2603,11,2,9,Yes,Yes,No,No
1312,No,0.5,Yes,0,Yes,28,0.8,163,2,0,1233,1854,1087,17,16,14,Yes,No,No,No
1953,Yes,2.1,Yes,7,No,56,0.1,158,8,9,555,764,2334,11,5,4,Yes,No,No,No
1426,Yes,0.8,No,2,Yes,42,0.6,84,3,10,715,1163,1356,15,9,16,Yes,No,Yes,No
1387,No,0.5,No,0,Yes,61,0.5,98,3,0,785,1151,629,5,3,11,Yes,Yes,No,No
689,No,2.9,Yes,3,Yes,7,0.8,147,2,6,487,722,1241,9,0,16,Yes,No,No,No
1655,Yes,0.5,Yes,6,Yes,4,0.1,105,3,12,626,1348,673,10,3,12,Yes,No,No,No
989,Yes,1.6,Yes,11,Yes,24,0.6,156,8,17,614,679,2819,16,13,5,Yes,No,Yes,No
538,No,1.1,Yes,0,Yes,25,0.3,163,7,7,455,537,2215,9,3,17,Yes,Yes,Yes,No
1008,No,0.8,No,11,No,61,1,114,3,15,1077,1122,2009,10,3,11,Yes,No,No,No
826,No,0.5,Yes,0,Yes,57,0.5,135,2,0,354,530,323,17,3,7,Yes,No,Yes,No
1175,Yes,1.3,No,2,No,19,0.3,164,7,9,873,1394,1944,9,4,9,Yes,Yes,No,No
518,No,0.8,Yes,0,No,3,0.1,178,7,1,437,1947,2832,5,0,8,Yes,No,Yes,No
1512,Yes,1.7,No,12,No,6,0.7,162,7,17,205,884,2335,15,7,7,Yes,Yes,Yes,No
528,No,1.7,No,12,Yes,6,0.8,142,2,15,574,637,3256,9,8,6,Yes,Yes,No,No
768,No,0.5,Yes,0,No,19,0.9,159,2,1,637,991,1145,19,1,7,No,No,Yes,No
504,Yes,0.5,Yes,5,No,16,0.1,166,1,9,767,1665,701,17,15,15,Yes,No,Yes,No
1349,Yes,2.1,Yes,3,No,46,0.9,134,6,12,212,623,2367,11,7,10,Yes,No,Yes,No
1540,No,0.7,Yes,0,Yes,29,0.1,157,7,1,318,831,1161,11,8,5,Yes,No,No,No
628,Yes,1.8,No,5,No,60,0.2,87,6,6,1047,1534,1337,12,7,14,No,Yes,No,No
671,No,2.9,No,7,Yes,2,0.1,95,6,19,614,1617,2278,13,4,2,Yes,No,No,No
1261,No,0.5,No,3,Yes,52,0.3,86,2,9,605,1429,1365,9,3,16,Yes,No,Yes,No
1436,Yes,2.4,Yes,3,Yes,23,0.3,106,5,4,189,1411,2488,8,4,8,Yes,No,No,No
1330,No,1.1,No,11,No,37,0.7,126,7,20,1103,1637,2166,10,1,4,Yes,No,No,No
1187,No,2.3,No,0,Yes,21,0.2,122,6,6,215,1125,2547,10,3,5,Yes,Yes,No,No
934,No,2,Yes,2,No,30,0.7,182,8,15,521,1190,703,10,8,7,No,No,Yes,No
719,No,2.9,No,7,No,6,0.7,102,6,8,405,1141,841,9,1,2,Yes,No,No,No
1783,No,2.9,Yes,2,No,42,0.7,104,6,8,1081,1979,387,14,5,3,No,Yes,No,No
763,No,1.7,Yes,8,Yes,2,0.5,92,8,14,1028,1186,1050,6,4,8,Yes,Yes,No,No
1348,No,2,No,18,No,52,0.3,98,3,20,1869,1942,955,18,11,7,Yes,Yes,Yes,No
1763,No,2.9,Yes,1,Yes,53,0.2,101,4,20,138,806,2066,12,9,17,Yes,Yes,Yes,No
1219,No,1.6,Yes,5,No,4,0.3,169,6,7,1419,1698,1998,9,2,4,No,No,No,No
1087,No,1.3,No,0,Yes,16,0.3,166,3,9,295,589,690,14,6,6,Yes,No,Yes,No
1796,No,1.6,Yes,5,No,7,0.1,101,4,6,667,798,1642,9,4,3,No,Yes,Yes,No
919,No,0.5,Yes,11,No,13,0.3,159,1,15,275,570,1028,8,4,17,Yes,No,No,No
1956,No,2.2,No,0,Yes,37,0.5,87,3,2,185,776,1109,13,1,19,Yes,Yes,No,No
989,Yes,0.7,No,13,Yes,51,0.4,132,3,15,670,804,2349,10,1,20,Yes,No,Yes,No
1851,No,2.9,No,0,No,53,0.7,112,6,2,174,1175,2678,6,0,8,Yes,No,No,No
904,No,1.6,Yes,5,Yes,14,0.2,102,8,9,56,760,1846,7,0,3,Yes,No,Yes,No
999,No,2.6,Yes,11,Yes,56,1,165,4,13,342,1641,3083,8,4,11,Yes,Yes,Yes,No
928,Yes,0.5,Yes,11,No,56,0.7,80,8,13,221,1243,666,19,10,5,No,Yes,No,No
1379,Yes,1.5,No,6,Yes,9,0.8,118,8,13,98,755,1693,11,4,18,Yes,No,Yes,No
1753,No,1.2,No,8,Yes,12,0.9,113,7,17,387,1595,1445,17,16,12,Yes,Yes,Yes,No
704,Yes,2.7,No,8,Yes,29,0.2,80,1,10,1108,1509,1122,9,3,10,Yes,Yes,Yes,No
1872,Yes,2.3,No,6,No,44,0.7,134,3,15,459,1259,1955,9,4,15,Yes,No,Yes,No
1368,No,0.5,No,10,Yes,42,0.2,91,1,20,907,925,1590,12,0,14,Yes,No,No,No
913,No,1.7,Yes,1,Yes,41,0.3,103,1,14,431,1144,2278,15,3,18,Yes,Yes,No,No
755,Yes,2.8,No,5,Yes,51,0.3,186,4,12,315,990,2734,10,1,16,Yes,No,Yes,No
1867,No,2.3,No,0,Yes,9,0.1,191,6,3,712,1442,990,6,1,2,Yes,No,Yes,No
1893,Yes,0.5,Yes,1,No,23,0.1,179,8,3,1203,1432,1482,15,7,17,No,Yes,No,No
555,Yes,3,Yes,5,Yes,38,0.8,193,2,10,214,1970,1686,8,1,8,Yes,No,Yes,No
1994,Yes,0.7,No,5,No,5,0.4,189,2,7,86,1546,1836,12,11,18,Yes,No,No,No
1566,Yes,0.5,Yes,0,No,20,0.5,126,2,0,1603,1930,659,14,9,13,Yes,Yes,Yes,No
525,No,2.4,Yes,11,No,35,0.8,190,7,20,82,670,1609,16,11,3,No,No,No,No
1248,No,2.4,No,6,Yes,9,0.4,89,3,8,71,1686,2454,9,8,13,Yes,Yes,No,No
504,No,2.8,Yes,0,No,40,0.5,178,3,0,626,1195,470,6,0,16,Yes,No,No,No
868,Yes,0.9,No,5,No,5,0.4,137,4,7,40,1311,1519,13,0,2,No,No,Yes,No
855,Yes,0.5,No,2,Yes,59,0.5,159,2,3,1028,1196,1875,16,8,8,Yes,Yes,Yes,No
1571,No,2.9,No,1,No,30,0.9,150,7,3,805,956,586,10,9,4,No,Yes,Yes,No
1681,Yes,2.5,No,2,No,11,0.4,158,2,13,195,1205,1122,12,6,16,No,Yes,Yes,No
798,Yes,0.5,Yes,7,No,2,0.8,148,2,15,497,627,3593,14,9,3,No,Yes,No,No
1524,Yes,1.8,Yes,0,No,10,0.6,174,4,1,154,550,2678,16,5,13,Yes,No,Yes,No
1549,Yes,1.5,Yes,0,Yes,27,0.4,113,5,7,632,1162,436,10,8,11,Yes,No,No,No
1868,Yes,0.5,No,2,Yes,40,0.9,179,8,17,576,884,298,8,2,17,Yes,Yes,No,No
990,Yes,2.7,Yes,3,No,15,0.9,153,2,7,1466,1717,2698,11,8,6,Yes,No,No,No
1136,No,0.5,No,0,Yes,9,0.9,150,6,2,1307,1767,2110,9,5,16,Yes,No,Yes,No
1783,Yes,0.5,No,8,No,14,0.6,183,8,11,910,1566,1816,12,7,7,No,No,Yes,No
1494,No,2.4,No,6,Yes,3,0.9,93,7,17,944,1003,1208,14,13,17,Yes,Yes,No,No
1163,Yes,1.9,No,6,No,2,0.9,133,5,20,919,1076,1568,14,0,19,Yes,No,No,No
601,Yes,1.4,No,4,Yes,4,0.1,154,4,13,356,765,532,12,8,10,Yes,Yes,Yes,No
843,No,1.3,Yes,1,No,16,0.9,119,7,4,593,732,1734,17,8,14,No,No,Yes,No
1229,No,0.5,Yes,15,No,14,0.8,191,2,16,120,1878,1667,17,6,17,No,No,Yes,No
769,No,0.5,Yes,12,Yes,54,0.2,112,4,19,1385,1780,941,15,8,20,Yes,No,Yes,No
626,No,0.7,Yes,2,Yes,23,0.5,187,2,9,90,1334,3458,7,5,11,Yes,No,Yes,No
1420,No,2.8,Yes,1,No,50,0.1,100,8,8,194,1393,763,17,1,17,No,Yes,Yes,No
1321,Yes,1.3,No,0,Yes,63,0.4,109,8,9,817,941,1464,7,6,16,Yes,Yes,Yes,No
648,No,1.9,Yes,4,No,8,1,91,5,19,819,1997,2991,8,7,4,No,No,Yes,No
1663,Yes,0.5,No,0,No,40,0.6,147,4,15,951,1545,1336,8,5,15,Yes,No,No,No
764,Yes,1.2,Yes,1,No,13,1,152,8,2,361,511,3148,18,7,6,Yes,Yes,No,No
1189,Yes,2.3,No,13,No,8,0.5,198,3,14,379,932,893,9,6,13,Yes,Yes,No,No
651,Yes,0.8,Yes,2,Yes,63,0.2,176,5,4,548,858,2244,14,9,19,Yes,Yes,No,No
1507,Yes,0.9,Yes,0,Yes,42,0.4,123,5,0,682,888,1486,15,3,19,Yes,No,No,No
1236,No,0.9,Yes,2,Yes,57,0.1,188,1,14,517,809,1406,14,12,20,Yes,No,Yes,No
1181,No,2.3,No,12,Yes,61,0.6,116,2,16,385,831,2020,6,0,18,Yes,Yes,No,No
851,No,2.3,Yes,7,Yes,54,1,101,2,9,788,1007,1005,12,2,14,Yes,No,Yes,No
1501,No,1.1,No,12,Yes,2,0.2,187,1,15,198,1056,2487,13,12,16,Yes,Yes,Yes,No
1483,Yes,2.6,Yes,13,No,19,0.6,146,7,19,361,1552,1587,9,4,19,No,No,No,No
1130,Yes,0.5,Yes,1,Yes,29,0.7,130,1,14,593,1327,432,6,1,10,Yes,Yes,Yes,No
1439,No,0.9,No,12,Yes,20,0.8,147,1,17,626,932,1790,19,12,15,Yes,No,Yes,No
1885,No,2.4,Yes,12,Yes,14,0.6,92,4,15,1406,1517,1277,9,6,16,Yes,No,Yes,No
1176,Yes,2.1,No,2,Yes,62,0.5,168,2,10,674,1455,1534,6,2,17,Yes,No,No,No
1986,No,2.7,Yes,3,Yes,64,0.2,162,4,20,236,1520,1377,5,3,15,Yes,Yes,Yes,No
966,Yes,0.6,No,9,Yes,50,0.2,117,4,10,1446,1754,2574,10,1,5,Yes,No,Yes,No
1777,No,2.2,Yes,0,No,15,0.2,100,4,7,553,874,1552,10,8,10,Yes,Yes,No,No
1358,No,1.7,No,0,No,60,0.6,147,3,1,889,1635,440,14,10,13,Yes,No,No,No
731,Yes,0.5,Yes,0,Yes,28,0.5,130,8,0,424,1032,1774,12,8,10,Yes,No,No,No
798,No,0.6,Yes,6,Yes,21,0.5,110,2,12,661,1951,1647,12,2,3,Yes,No,No,No
1565,Yes,0.5,No,0,No,38,0.1,121,5,1,781,1364,308,19,17,7,Yes,Yes,Yes,No
1083,No,1,No,6,No,52,0.9,126,2,20,925,1469,681,19,18,19,Yes,Yes,Yes,No
1590,No,0.6,Yes,0,No,7,0.3,122,3,17,1464,1595,1201,12,3,18,Yes,Yes,Yes,No
513,Yes,0.5,No,6,Yes,44,0.1,186,4,12,619,867,1343,5,1,9,Yes,Yes,No,No
1884,No,1,Yes,3,No,24,0.5,149,6,4,1168,1179,1396,15,8,9,Yes,Yes,Yes,No
724,No,2.7,Yes,0,No,44,0.5,187,7,0,1273,1754,2311,7,6,7,Yes,No,No,No
1414,No,0.5,No,0,Yes,15,0.8,168,2,0,294,1233,1069,18,6,14,Yes,No,No,No
868,No,1.7,No,0,No,30,0.8,83,4,0,276,1026,1653,11,7,17,Yes,No,No,No
1081,Yes,2.5,Yes,13,No,49,1,99,3,17,284,519,325,9,1,6,No,No,Yes,No
1469,No,2.1,No,0,No,8,0.7,123,7,0,398,1133,1052,8,1,3,No,Yes,No,No
1541,Yes,1.5,Yes,6,Yes,5,0.5,109,4,10,536,1656,1795,7,3,4,Yes,Yes,Yes,No
622,No,0.7,No,0,Yes,9,0.3,127,2,0,98,511,3916,13,1,5,Yes,No,Yes,No
1561,Yes,1.6,Yes,1,Yes,27,0.8,174,3,10,662,874,1205,12,7,3,Yes,Yes,No,No
1820,Yes,1.7,Yes,0,Yes,64,0.6,161,1,3,1157,1951,574,10,2,18,Yes,Yes,No,No
757,Yes,0.9,Yes,4,No,64,0.5,157,7,5,114,819,3433,6,5,10,Yes,Yes,No,No
1772,Yes,0.5,Yes,3,No,64,0.7,116,8,15,270,545,1834,5,2,20,No,Yes,Yes,No
1054,No,1.1,Yes,10,Yes,38,0.4,136,6,12,1097,1222,1675,18,4,14,Yes,Yes,Yes,No
530,Yes,2.6,No,1,No,40,0.9,118,6,2,818,1090,1229,16,11,2,No,Yes,No,No
825,Yes,1.5,No,11,No,38,0.4,94,3,18,540,783,716,11,4,14,No,Yes,No,No
1692,Yes,2.1,No,3,Yes,61,0.9,176,6,12,975,1996,1354,16,7,19,Yes,No,No,No
1709,Yes,0.8,No,8,Yes,58,0.8,136,2,10,956,1292,1781,18,3,17,Yes,No,No,No
561,Yes,2.1,Yes,7,Yes,2,0.1,193,3,13,1055,1294,665,10,0,4,Yes,Yes,No,No
904,No,2.7,Yes,4,No,19,0.6,147,6,7,1094,1496,545,19,18,16,No,No,No,No
680,Yes,2.1,Yes,9,Yes,9,0.1,131,3,11,1428,1500,2438,14,2,17,Yes,No,No,No
846,Yes,2.6,No,0,Yes,58,0.1,123,4,15,1140,1983,2248,16,8,13,Yes,No,No,No
857,Yes,2,Yes,3,No,17,0.2,195,7,9,157,948,3100,17,5,13,Yes,Yes,No,No
1478,Yes,0.8,Yes,12,No,48,0.7,99,5,17,694,882,1141,5,2,6,No,No,Yes,No
1195,No,2,Yes,1,Yes,23,0.1,82,4,9,163,1100,980,13,9,17,Yes,No,No,No
740,No,1.8,No,1,No,12,0.2,123,1,11,935,1147,1105,7,6,19,No,Yes,Yes,No
714,Yes,0.5,No,1,No,30,0.3,145,4,2,643,1527,2302,12,10,10,No,Yes,Yes,No
1009,Yes,1,Yes,2,No,2,0.6,102,8,14,912,1043,1716,7,5,15,No,No,No,No
1685,No,0.6,No,14,No,16,0.6,137,7,15,120,1429,881,6,3,17,No,Yes,Yes,No
897,No,1.4,Yes,1,No,17,0.4,171,1,2,547,1852,2948,12,3,5,No,No,Yes,No
1719,Yes,2,No,0,No,12,0.3,122,8,7,240,904,462,6,3,5,No,No,No,No
1892,Yes,0.7,No,5,No,47,0.4,110,4,10,1399,1564,2172,17,14,3,Yes,Yes,Yes,No
1269,Yes,2.8,Yes,16,No,41,1,180,8,17,406,1036,2341,10,9,16,No,No,Yes,No
1972,No,2.9,No,9,No,14,0.4,196,7,18,293,952,1316,8,1,8,Yes,Yes,No,No
1323,Yes,2.5,Yes,10,Yes,28,0.2,131,4,12,162,619,1892,10,0,15,Yes,Yes,Yes,No
1671,No,0.6,Yes,7,Yes,61,0.1,129,2,11,263,848,2336,10,4,7,Yes,No,No,No
796,No,0.5,No,2,No,12,0.5,114,1,8,174,518,1075,7,3,2,No,Yes,No,No
989,Yes,1.8,Yes,4,Yes,55,0.7,124,1,12,46,1069,1737,8,5,10,Yes,No,Yes,No
595,No,2.6,No,0,Yes,20,0.4,122,2,18,623,816,1593,19,11,2,Yes,No,Yes,No
1918,No,2.8,No,1,No,22,0.3,139,1,5,381,1203,1369,9,6,6,No,Yes,Yes,No
520,No,2.3,No,0,Yes,31,0.8,145,6,14,264,519,2753,13,7,17,Yes,No,Yes,No
586,No,1.4,Yes,10,Yes,8,0.5,142,8,14,116,598,3178,9,7,10,Yes,No,Yes,No
1296,No,0.9,Yes,0,Yes,14,0.5,124,5,3,811,1272,490,7,1,4,Yes,Yes,Yes,No
1973,Yes,0.5,Yes,3,No,21,0.8,95,8,7,127,507,1724,12,10,8,No,No,Yes,No
1303,Yes,2.1,No,6,Yes,10,0.4,109,8,15,1335,1873,2219,9,3,15,Yes,Yes,Yes,No
1249,Yes,0.5,No,3,Yes,55,0.8,140,3,8,605,1193,531,18,10,13,Yes,Yes,Yes,No
922,No,1.5,Yes,1,Yes,35,0.9,188,7,15,1016,1383,1165,19,6,4,Yes,Yes,Yes,No
1991,No,2.2,Yes,1,Yes,42,0.7,82,1,13,366,613,722,6,5,10,Yes,Yes,No,No
1146,No,3,No,5,Yes,57,0.4,111,5,10,73,583,291,19,9,11,Yes,Yes,Yes,No
808,Yes,0.5,Yes,3,No,46,0.5,105,8,15,119,529,1082,15,5,10,Yes,No,Yes,No
1936,Yes,1.9,Yes,13,Yes,34,0.2,182,7,14,591,1089,1671,6,1,9,Yes,No,Yes,No
1715,No,2.6,Yes,9,Yes,15,0.6,120,6,20,114,1849,1249,16,2,4,Yes,Yes,No,No
643,Yes,0.7,Yes,3,Yes,23,0.8,156,1,9,314,1400,2096,13,6,2,Yes,No,No,No
1150,Yes,2.7,No,0,No,39,0.4,151,8,1,397,800,999,6,2,11,Yes,Yes,No,No
675,No,2.3,No,10,No,60,0.9,144,5,15,192,757,1735,7,0,13,Yes,No,Yes,No
1745,No,2.9,No,0,Yes,3,0.9,105,3,0,426,1629,1308,5,0,2,Yes,Yes,No,No
954,Yes,0.5,No,0,No,50,0.3,134,2,11,228,1058,438,17,0,2,Yes,No,No,No
1854,No,0.9,Yes,0,Yes,33,0.4,195,1,0,665,718,1675,14,12,9,Yes,No,Yes,No
916,Yes,0.5,No,0,Yes,47,0.2,82,4,1,1147,1393,1659,11,10,11,Yes,Yes,No,No
973,Yes,1.5,No,5,Yes,57,0.2,190,7,16,457,1816,2977,6,4,2,Yes,No,No,No
1589,No,2.5,No,5,Yes,51,0.8,195,1,18,810,1743,2612,8,2,16,Yes,No,No,No
1751,No,0.5,Yes,6,No,8,0.6,178,6,20,170,564,2969,8,6,17,No,No,Yes,No
1048,Yes,0.9,No,10,Yes,28,0.8,194,2,19,966,1975,1458,5,1,15,Yes,No,Yes,No
748,No,1.4,No,0,No,25,1,110,7,14,88,709,1974,17,5,13,No,Yes,Yes,No
1042,No,2.2,No,15,Yes,11,0.6,139,5,16,68,1018,2826,18,0,2,Yes,No,No,No
899,Yes,2.7,No,3,Yes,53,0.3,192,4,11,641,1638,2870,19,16,10,Yes,No,Yes,No
1281,Yes,2.3,Yes,0,No,28,0.3,148,1,6,1285,1617,1129,12,1,6,No,Yes,No,No
999,Yes,1.8,Yes,0,Yes,27,0.1,167,4,1,20,745,1344,17,10,5,Yes,No,No,No
1044,Yes,2.8,Yes,7,No,33,0.6,129,4,13,42,1262,1816,17,16,15,Yes,No,Yes,No
991,No,2,No,2,Yes,12,0.3,158,5,6,1209,1678,2014,11,9,10,Yes,No,No,No
1989,No,2.5,Yes,0,Yes,41,0.8,94,3,13,1100,1497,1665,17,9,12,Yes,Yes,Yes,No
1117,Yes,0.5,Yes,2,No,21,0.1,177,2,19,495,1035,1999,15,9,2,Yes,No,Yes,No
926,Yes,0.8,No,6,Yes,59,0.8,161,7,14,84,793,256,18,7,2,Yes,No,Yes,No
1871,Yes,2,No,7,Yes,20,0.1,81,7,14,88,1682,2144,13,12,12,Yes,Yes,Yes,No
1099,No,0.5,No,13,Yes,61,0.3,146,3,20,393,1096,1699,17,10,3,Yes,Yes,Yes,No
583,Yes,0.9,Yes,1,No,51,0.9,88,8,2,1658,1794,1799,16,9,7,No,Yes,No,No
1081,Yes,1.9,Yes,13,Yes,42,0.1,101,7,17,83,816,2456,7,4,7,Yes,No,No,No
1830,Yes,0.5,No,5,No,14,0.8,160,6,6,773,1353,1905,16,3,19,Yes,Yes,Yes,No
1328,Yes,0.5,No,5,Yes,27,0.3,144,3,18,602,1156,2674,7,2,5,Yes,No,Yes,No
1578,No,1.9,Yes,2,Yes,37,0.1,138,4,19,411,1226,2458,19,16,3,Yes,No,Yes,No
1279,Yes,2.5,No,5,Yes,7,0.5,105,6,6,560,1633,1150,7,2,7,Yes,No,No,No
600,Yes,1.8,No,9,Yes,6,0.8,199,2,15,486,1032,3495,17,4,7,Yes,Yes,No,No
1811,Yes,2,No,3,Yes,22,0.2,82,2,8,358,614,2847,9,2,4,Yes,No,Yes,No
1423,No,0.6,No,12,No,44,0.8,131,5,13,501,640,2253,10,8,9,No,No,No,No
1126,Yes,2.4,No,2,Yes,10,0.4,160,6,3,1223,1611,2050,7,6,12,Yes,Yes,Yes,No
668,No,0.5,Yes,0,No,3,0.1,155,5,13,666,1203,2746,9,5,8,Yes,Yes,Yes,No
1269,Yes,1.3,No,14,No,52,0.8,118,2,15,1597,1920,665,18,5,5,No,No,No,No
1073,Yes,0.5,Yes,0,No,51,0.5,145,7,0,690,804,2908,6,0,18,No,Yes,No,No
1483,Yes,2.2,No,3,Yes,53,0.7,169,5,11,291,651,1744,6,3,10,Yes,No,No,No
1154,No,0.5,No,12,Yes,14,0.7,156,7,14,251,1801,587,8,3,4,Yes,Yes,Yes,No
1523,Yes,1.8,No,6,Yes,11,0.1,129,1,8,148,1606,707,19,8,19,Yes,Yes,No,No
589,Yes,2.3,Yes,1,No,61,0.6,160,4,10,429,815,2113,13,7,2,Yes,No,Yes,No
1300,Yes,0.5,No,5,No,62,0.1,156,6,7,219,1037,874,15,3,10,Yes,Yes,No,No
1907,No,2,No,13,No,55,0.9,105,7,15,713,1513,286,14,4,17,Yes,No,Yes,No
947,No,0.8,Yes,0,Yes,22,0.1,197,2,13,1176,1220,2842,16,12,2,Yes,No,No,No
1063,Yes,2.5,No,0,Yes,31,0.9,95,6,10,295,935,961,16,6,5,Yes,Yes,No,No
994,No,1.2,Yes,4,No,40,0.9,164,2,17,296,839,3104,17,7,11,No,No,No,No
1899,Yes,0.6,No,0,No,26,0.1,151,2,0,96,814,336,13,11,4,Yes,No,Yes,No
1597,Yes,0.9,No,4,Yes,4,0.5,85,1,19,880,1145,2130,8,3,15,Yes,Yes,No,No
1633,No,1.7,Yes,3,Yes,33,0.9,111,2,19,146,906,511,9,0,7,Yes,Yes,No,No
1395,No,1.8,Yes,0,No,23,0.1,111,3,1,213,705,2571,11,0,13,Yes,No,Yes,No
605,No,1.5,No,9,Yes,18,0.9,162,2,14,329,656,2301,15,9,8,Yes,No,No,No
1203,Yes,0.5,Yes,0,Yes,11,0.9,109,2,12,35,510,1672,17,13,19,Yes,Yes,No,No
1454,No,2.6,No,8,No,6,0.4,199,3,20,698,1018,1300,10,0,2,No,No,Yes,No
541,No,1,No,0,Yes,10,0.4,127,4,0,1836,1873,1019,19,9,15,Yes,Yes,No,No
1788,No,0.5,No,0,Yes,6,0.2,141,6,16,149,1022,2321,7,5,20,Yes,Yes,No,No
764,No,1,Yes,9,Yes,45,0.5,124,8,11,52,539,1341,19,1,12,Yes,No,No,No
912,Yes,2,No,1,No,54,0.3,161,8,5,329,1053,2330,19,5,20,No,Yes,No,No
1225,No,0.7,Yes,0,Yes,2,0.6,138,7,1,217,1101,2675,12,11,15,Yes,Yes,No,No
1365,No,0.6,No,0,Yes,31,0.3,125,4,0,293,970,1300,14,7,13,Yes,No,Yes,No
648,Yes,1.8,No,1,Yes,60,0.1,195,4,4,931,1811,819,10,3,4,Yes,No,No,No
787,Yes,0.5,No,15,No,11,0.6,93,1,16,806,1423,2934,8,6,14,Yes,No,Yes,No
794,No,2.5,Yes,15,No,14,0.6,197,3,19,312,1376,2171,19,8,18,No,No,Yes,No
1584,Yes,1.3,No,6,No,41,0.6,135,4,15,160,1291,1561,10,5,17,No,No,Yes,No
1485,No,1,No,2,Yes,32,0.7,84,2,9,510,1013,2147,19,1,11,Yes,Yes,No,No
790,No,2,Yes,16,Yes,11,0.3,87,6,17,347,730,3169,6,1,2,Yes,No,Yes,No
934,No,1.1,No,7,No,24,0.8,112,5,12,1111,1463,1017,12,7,9,No,No,Yes,No
1923,No,0.5,Yes,7,No,46,0.5,191,1,10,767,1759,1489,10,9,3,Yes,Yes,Yes,No
1989,Yes,2.9,Yes,8,No,17,0.1,193,8,15,629,682,2369,7,0,18,Yes,Yes,No,No
1617,No,1.5,No,1,Yes,63,0.7,111,2,10,274,1079,2754,19,10,8,Yes,Yes,Yes,No
1766,Yes,1.3,No,1,No,29,0.5,194,8,20,439,1306,2316,19,2,6,No,No,Yes,No
673,Yes,1.7,Yes,3,Yes,22,0.1,88,1,5,594,1088,2050,7,2,17,Yes,Yes,No,No
1044,No,1.8,No,4,Yes,12,0.7,104,6,5,1230,1263,1794,18,7,19,Yes,Yes,Yes,No
642,Yes,0.5,No,0,Yes,38,0.8,86,5,10,887,1775,435,9,2,2,Yes,Yes,No,No
1872,Yes,0.9,Yes,0,No,16,0.5,80,2,2,286,1484,2295,15,11,16,No,No,Yes,No
1407,Yes,2.4,No,1,Yes,22,0.7,104,4,4,1172,1217,2192,9,7,13,Yes,No,Yes,No
1866,Yes,2.5,Yes,3,Yes,47,0.8,89,5,9,358,1782,1444,7,4,20,Yes,No,No,No
1296,No,1.4,Yes,3,No,11,0.2,129,7,4,1222,1382,2552,19,8,10,Yes,Yes,Yes,No
1524,No,2.5,Yes,11,Yes,41,1,96,4,20,184,740,1936,7,0,9,Yes,Yes,Yes,No
832,No,0.7,Yes,2,Yes,39,0.7,103,4,3,125,1504,1799,5,2,11,Yes,No,Yes,No
1224,No,0.5,No,16,Yes,6,0.4,109,6,18,747,826,506,10,0,11,Yes,Yes,Yes,No
1936,No,1.3,No,2,No,44,0.1,139,3,3,570,1021,1400,17,7,3,No,No,Yes,No
598,No,2.3,Yes,7,No,21,0.7,196,2,10,680,1173,3293,8,4,7,Yes,No,Yes,No
961,Yes,1.5,Yes,10,No,51,0.3,152,6,16,554,621,2981,15,6,7,Yes,Yes,Yes,No
609,No,0.5,No,3,No,26,0.3,93,4,4,938,1948,1866,11,10,14,Yes,Yes,Yes,No
674,Yes,2.8,Yes,0,Yes,8,0.2,93,3,0,750,772,589,18,6,4,Yes,Yes,No,No
1886,No,0.5,No,0,Yes,24,0.4,112,3,1,809,1958,1179,16,7,20,Yes,No,Yes,No
1076,Yes,2.6,No,3,Yes,38,0.7,119,6,8,129,915,891,18,3,9,Yes,Yes,No,No
1793,No,0.7,Yes,11,No,27,0.4,154,5,13,586,722,1370,16,3,19,Yes,No,Yes,No
801,Yes,2.2,Yes,2,No,63,0.4,165,7,4,650,879,1617,17,4,19,No,No,Yes,No
1681,Yes,2.5,Yes,6,No,18,0.3,167,1,7,850,1005,2265,5,3,20,Yes,Yes,Yes,No
665,Yes,0.7,No,0,Yes,31,0.1,185,5,2,496,1804,690,5,2,15,Yes,No,No,No
1991,No,2.8,No,3,Yes,15,0.1,181,1,13,298,1037,1861,8,5,17,Yes,Yes,Yes,No
1130,Yes,2.5,No,4,Yes,58,0.1,132,5,14,88,1261,1018,17,1,16,Yes,No,No,No
1068,No,2.7,Yes,0,Yes,45,0.6,194,5,1,935,1499,1754,17,7,9,Yes,No,Yes,No
835,No,1.1,Yes,2,No,7,0.2,101,4,7,323,1604,1181,13,5,15,Yes,Yes,Yes,No
1519,No,2.9,No,2,No,30,0.7,112,7,8,1122,1702,2440,9,5,10,Yes,Yes,Yes,No
904,No,1.8,No,3,Yes,35,0.4,168,3,4,42,507,1360,15,12,11,Yes,No,No,No
723,Yes,1.9,No,4,No,30,0.3,102,1,7,1467,1901,2339,19,9,17,No,Yes,Yes,No
921,No,0.6,Yes,1,No,60,0.1,83,2,3,1211,1229,1080,10,0,6,No,No,Yes,No
713,No,1.4,Yes,4,No,53,0.8,98,1,17,123,1477,1462,19,18,13,Yes,No,Yes,No
995,No,1.3,Yes,1,No,10,0.1,104,4,3,258,1889,609,11,3,5,Yes,No,Yes,No
1018,Yes,0.7,Yes,7,No,63,0.1,155,5,18,856,883,3048,10,3,2,No,No,Yes,No
1549,Yes,0.5,No,4,No,8,0.4,158,5,7,721,1514,1998,12,7,15,Yes,Yes,No,No
1799,Yes,0.5,No,0,No,49,0.4,107,4,2,632,1383,720,12,2,11,Yes,Yes,Yes,No
728,No,1.7,Yes,0,Yes,5,0.6,101,2,20,584,775,834,16,0,5,Yes,Yes,No,No
618,No,0.6,No,8,No,16,0.2,143,1,14,1105,1602,2262,16,15,4,No,Yes,No,No
1719,Yes,2.1,Yes,0,No,52,0.1,187,3,1,417,520,2610,10,1,11,Yes,Yes,Yes,No
947,Yes,0.5,No,1,Yes,51,0.1,144,2,15,193,887,2915,17,1,6,Yes,Yes,Yes,No
1428,Yes,1.6,No,0,No,7,0.1,153,4,2,584,983,1808,12,8,13,No,Yes,No,No
843,Yes,0.5,No,1,Yes,56,0.1,147,5,17,140,800,2341,10,1,20,Yes,Yes,Yes,No
608,Yes,0.5,Yes,0,No,64,0.9,94,4,0,4,1351,2517,16,8,7,Yes,Yes,Yes,No
1230,Yes,2.2,Yes,6,No,26,0.8,123,5,7,416,676,988,11,5,9,No,Yes,Yes,No
1483,No,2.1,No,1,Yes,54,0.2,176,7,2,531,758,1851,15,13,2,Yes,Yes,No,No
818,No,0.5,Yes,2,Yes,23,0.2,192,5,17,586,1552,2518,19,12,3,Yes,Yes,No,No
1266,No,2.6,No,1,No,18,0.4,86,7,2,1187,1595,398,16,8,3,Yes,Yes,Yes,No
560,No,0.5,Yes,15,No,50,0.3,159,2,20,1448,1613,2150,18,12,11,Yes,Yes,No,No
798,No,2.4,No,5,No,4,0.2,96,3,9,526,643,2965,15,7,14,Yes,Yes,No,No
1753,No,0.7,No,4,No,40,0.6,191,4,11,1652,1983,1112,8,2,15,Yes,Yes,Yes,No
1425,No,1.2,No,9,Yes,35,0.7,127,8,14,150,1897,590,13,2,6,Yes,Yes,Yes,No
1159,No,2.7,No,13,Yes,28,0.2,80,8,18,378,751,2495,10,0,9,Yes,Yes,Yes,No
957,Yes,2.5,No,4,No,7,0.8,107,5,10,1201,1485,1846,12,5,7,Yes,No,Yes,No
1958,Yes,1.9,Yes,0,No,4,0.2,190,2,3,304,637,1409,16,5,3,No,No,No,No
864,No,1.7,No,3,Yes,35,0.3,103,3,7,663,1805,1904,12,8,13,Yes,Yes,Yes,No
1656,No,1,No,5,Yes,34,0.1,166,3,7,880,1456,1629,15,12,14,Yes,Yes,No,No
932,Yes,0.5,No,1,Yes,60,0.7,104,4,2,268,1078,1459,6,1,19,Yes,Yes,No,No
626,Yes,2.8,Yes,3,Yes,11,0.8,109,2,9,737,1759,1077,6,1,4,Yes,No,Yes,No
1923,No,1.3,No,3,No,24,1,86,4,4,874,1264,2479,9,2,15,Yes,Yes,No,No
726,No,2.9,No,0,No,43,0.1,101,8,0,666,760,1446,17,2,8,Yes,Yes,No,No
1715,No,1.9,No,4,Yes,3,0.1,171,5,6,79,1652,514,7,4,13,Yes,No,No,No
710,Yes,0.5,No,6,No,32,0.8,151,5,9,485,857,1419,12,11,18,No,Yes,No,No
625,Yes,1.2,Yes,5,Yes,10,0.2,183,4,8,635,842,3323,9,1,7,Yes,Yes,Yes,No
1450,No,2.1,No,1,No,31,0.6,114,5,4,1573,1639,794,11,5,9,No,Yes,Yes,No
1660,No,0.5,No,2,Yes,15,0.7,100,8,8,440,569,2424,12,5,9,Yes,Yes,No,No
894,No,0.7,No,2,Yes,58,0.1,123,2,3,158,747,3305,12,7,2,Yes,No,No,No
701,Yes,0.7,No,7,No,15,0.5,160,3,11,1002,1256,1756,6,3,17,Yes,Yes,Yes,No
501,No,2.3,No,12,Yes,54,0.3,131,4,19,504,1089,2346,13,12,2,Yes,No,Yes,No
1983,Yes,0.5,Yes,3,No,43,1,87,6,10,349,676,2775,9,4,3,No,Yes,Yes,No
717,Yes,0.5,Yes,4,No,10,0.6,198,1,5,217,1106,688,10,7,15,No,Yes,No,No
644,Yes,2.7,No,0,No,22,0.7,157,8,3,311,881,1262,12,1,15,Yes,No,No,No
569,No,0.6,Yes,2,No,39,0.1,184,8,9,389,739,2811,7,6,7,Yes,No,Yes,No
1197,Yes,0.5,Yes,9,No,20,0.1,129,5,10,214,1710,2885,19,7,14,Yes,Yes,Yes,No
1066,No,0.6,No,2,Yes,7,0.9,114,7,18,1242,1571,468,19,13,6,Yes,Yes,No,No
1082,No,2.3,Yes,11,No,2,1,101,4,20,398,724,2177,12,2,17,No,Yes,No,No
1661,Yes,1.4,No,0,No,29,0.3,119,2,0,536,861,591,9,2,9,Yes,Yes,Yes,No
1262,No,1.8,Yes,12,No,34,0.1,149,5,16,223,737,3248,13,3,4,No,Yes,Yes,No
1839,Yes,1.2,No,9,Yes,54,0.5,200,7,11,475,1493,927,19,10,18,Yes,No,Yes,No
1329,Yes,1,No,1,No,52,0.9,181,6,2,1053,1458,1228,8,6,6,Yes,No,Yes,No
965,Yes,1.4,No,1,No,13,0.9,197,8,2,645,1275,2343,17,12,15,Yes,No,No,No
1853,No,0.5,Yes,1,No,27,0.3,197,6,13,985,1005,1973,10,2,8,Yes,No,Yes,No
1131,Yes,0.5,Yes,11,No,49,0.6,101,5,18,658,878,1835,19,13,16,Yes,Yes,No,No
1239,No,1.2,Yes,5,Yes,52,0.9,122,2,10,590,661,417,8,0,6,Yes,No,Yes,No
1977,Yes,2,Yes,7,Yes,54,1,171,7,18,1226,1242,1971,18,7,14,Yes,Yes,No,No
1142,Yes,1.4,Yes,6,No,6,0.7,190,8,8,534,855,663,12,4,5,No,Yes,Yes,No
1620,No,2.6,Yes,6,No,5,0.9,186,6,18,434,1339,1086,18,14,13,Yes,No,No,No
1063,No,1.4,Yes,2,Yes,48,1,128,5,4,127,683,2910,15,13,9,Yes,Yes,Yes,No
767,No,1.9,No,16,Yes,19,0.2,185,6,17,271,1000,2445,6,1,6,Yes,Yes,Yes,No
1232,No,2.9,Yes,1,Yes,24,0.3,169,5,17,361,809,1257,16,10,16,Yes,No,No,No
1237,Yes,2.5,No,7,No,13,0.8,98,4,12,18,1004,2528,11,8,16,No,No,No,No
804,Yes,0.8,Yes,12,Yes,41,0.9,89,1,13,709,818,2027,11,5,11,Yes,No,No,No
1735,No,1.8,Yes,16,No,34,0.1,140,2,17,149,876,2392,17,15,19,Yes,No,Yes,No
739,Yes,2.3,Yes,2,Yes,58,0.1,88,3,4,1052,1536,475,7,6,6,Yes,No,Yes,No
1197,No,1.3,No,3,Yes,20,0.5,149,6,7,649,1629,1797,19,5,4,Yes,Yes,Yes,No
1138,No,1.1,No,5,Yes,48,0.6,109,3,14,233,1777,2048,6,0,18,Yes,Yes,Yes,No
1410,Yes,0.5,Yes,0,Yes,15,0.3,92,3,1,192,1311,2304,18,4,18,Yes,Yes,No,No
1413,No,0.6,No,0,Yes,13,0.1,128,1,0,1323,1481,515,5,0,18,Yes,Yes,No,No
649,Yes,1.4,No,4,Yes,19,0.8,190,7,12,344,1551,739,18,1,2,Yes,Yes,No,No
603,Yes,0.7,Yes,0,Yes,64,0.2,156,6,0,1842,1968,604,10,4,8,Yes,Yes,Yes,No
948,No,1.5,Yes,6,No,18,0.3,119,4,7,340,1728,2926,17,13,9,Yes,Yes,Yes,No
1945,No,1.6,Yes,0,Yes,57,0.3,195,4,1,743,1753,732,14,1,14,Yes,Yes,No,No
660,No,0.5,No,5,Yes,40,0.5,111,2,10,262,1178,588,6,5,18,Yes,Yes,Yes,No
774,No,0.5,Yes,2,Yes,10,0.5,188,2,9,1480,1731,2944,8,6,2,Yes,Yes,Yes,No
771,Yes,0.5,No,3,No,25,1,86,4,6,327,922,770,12,1,20,No,Yes,No,No
1156,No,0.5,No,6,No,61,0.1,89,7,9,1214,1262,1796,16,6,13,No,Yes,Yes,No
1604,Yes,1.9,Yes,0,Yes,63,0.6,93,5,2,641,1156,1464,15,9,20,Yes,Yes,No,No
1009,Yes,2.8,Yes,7,Yes,2,0.6,115,7,15,267,1841,2286,19,8,13,Yes,No,No,No
1554,No,2.8,Yes,7,No,23,0.1,105,6,18,699,1492,2184,13,9,20,Yes,No,Yes,No
1405,No,1.7,No,0,No,8,0.3,107,4,7,284,1036,2376,19,6,11,No,Yes,No,No
1148,No,2.3,Yes,0,Yes,58,0.3,170,5,20,606,688,3127,10,7,11,Yes,No,No,No
1614,No,1.2,No,1,Yes,9,0.1,161,3,2,173,1219,1832,15,8,11,Yes,No,No,No
1630,Yes,2.8,Yes,0,Yes,32,0.9,80,6,1,712,1726,1751,12,10,20,Yes,No,Yes,No
1204,Yes,2.6,No,0,No,10,0.3,199,7,3,480,1482,1724,11,2,19,Yes,No,No,No
715,No,2.3,Yes,4,No,48,0.1,160,4,6,21,562,3709,14,2,10,No,No,No,No
683,No,0.7,No,5,No,19,0.9,173,4,17,954,1985,2622,16,3,5,No,No,Yes,No
909,Yes,1.4,No,0,No,53,0.3,82,8,0,635,973,3187,12,9,4,Yes,No,No,No
1002,No,2.6,Yes,7,No,27,0.1,146,1,10,115,1111,1295,18,15,17,Yes,No,Yes,No
1996,Yes,2.8,Yes,0,Yes,7,0.1,138,5,4,937,1083,1258,17,14,16,Yes,No,No,No
1698,No,2.1,No,5,Yes,18,0.9,160,6,20,363,994,796,13,3,14,Yes,No,Yes,No
1902,No,0.5,No,10,No,13,0.2,155,4,11,766,877,940,14,10,15,Yes,Yes,No,No
1701,Yes,1.6,Yes,3,No,10,0.3,194,8,7,550,1338,2598,12,9,6,No,Yes,No,No
891,No,1.9,Yes,1,Yes,18,0.1,153,6,3,40,1435,1303,17,16,4,Yes,Yes,Yes,No
1070,Yes,3,No,9,No,19,0.8,160,7,16,90,1614,2647,14,13,20,No,Yes,No,No
946,No,2.1,No,0,Yes,19,0.2,154,8,0,159,630,2104,7,4,16,Yes,Yes,No,No
696,Yes,2.4,No,11,Yes,35,0.2,103,3,13,533,797,2022,14,11,4,Yes,No,Yes,No
1166,No,2,No,3,Yes,25,0.8,198,5,4,59,1203,2488,13,5,15,Yes,No,No,No
1314,No,2.9,Yes,8,Yes,41,0.1,155,4,12,113,577,626,10,4,4,Yes,Yes,Yes,No
1762,Yes,2.5,No,10,Yes,15,0.3,107,8,11,1103,1364,2183,8,3,11,Yes,Yes,No,No
1103,No,1,Yes,6,No,29,0.7,111,6,8,990,1486,1837,8,7,16,No,Yes,Yes,No
1341,Yes,2.1,Yes,0,No,36,0.4,107,8,1,473,574,2200,18,14,15,No,Yes,No,No
1254,No,1.7,No,0,Yes,45,0.4,146,3,3,1571,1956,606,7,2,2,Yes,Yes,Yes,No
848,Yes,2.1,Yes,10,Yes,19,0.8,148,7,18,176,1029,3359,10,0,14,Yes,No,No,No
1552,Yes,2.2,No,6,Yes,13,0.2,123,6,9,269,1026,2403,9,2,9,Yes,Yes,Yes,No
1762,No,0.6,No,3,Yes,26,0.1,83,6,14,525,704,2661,9,7,4,Yes,Yes,No,No
1011,No,1.1,No,4,Yes,36,0.2,131,7,18,481,749,2261,7,6,16,Yes,Yes,Yes,No
1220,No,2.9,No,3,No,62,0.5,125,4,8,403,1933,2589,19,11,15,Yes,Yes,Yes,No
727,Yes,1.5,No,0,Yes,32,1,131,7,1,813,1377,1891,19,13,7,Yes,No,Yes,No
571,Yes,2,Yes,5,Yes,58,0.6,101,6,11,31,1536,555,19,10,11,Yes,No,Yes,No
578,Yes,0.5,No,9,Yes,62,0.3,170,5,13,626,1134,2977,15,12,5,Yes,Yes,Yes,No
1154,No,1.2,Yes,0,Yes,49,0.2,181,8,2,541,1499,978,5,3,7,Yes,No,Yes,No
1441,No,2.1,Yes,11,Yes,3,0.1,118,8,17,577,1071,2317,16,4,7,Yes,No,Yes,No
1640,Yes,0.7,No,10,Yes,21,0.8,169,7,14,589,1301,337,16,3,5,Yes,Yes,No,No
986,Yes,0.8,No,13,Yes,28,0.8,182,4,20,199,679,1149,8,7,18,Yes,Yes,No,No
1083,Yes,1.4,Yes,2,Yes,49,0.8,156,5,9,295,503,1338,16,8,5,Yes,Yes,Yes,No
865,No,1.2,Yes,8,No,59,0.1,159,3,9,805,1804,2361,16,11,19,Yes,No,Yes,No
1732,Yes,1.1,No,4,Yes,12,0.8,119,8,9,824,881,1308,16,7,11,Yes,No,Yes,No
713,No,1.6,No,4,Yes,63,0.7,89,2,8,103,1760,2082,15,10,12,Yes,No,No,No
1702,Yes,2.3,Yes,12,Yes,47,0.6,107,2,19,1284,1643,595,10,0,19,Yes,No,Yes,No
1493,No,1.5,Yes,13,No,53,0.5,102,5,16,240,1414,2083,19,15,20,No,Yes,Yes,No
916,Yes,2.6,No,0,No,36,0.3,195,4,12,188,992,1470,13,0,14,No,Yes,No,No
880,Yes,1.7,Yes,0,No,33,0.7,173,2,2,30,1350,1414,12,1,7,Yes,Yes,No,No
1021,Yes,0.5,Yes,0,Yes,53,0.7,136,3,6,905,1988,2631,17,3,7,Yes,Yes,No,No
767,No,0.8,No,7,Yes,10,0.5,107,4,12,517,1995,2317,6,0,12,Yes,Yes,Yes,No
709,Yes,2,Yes,0,No,35,0.1,136,1,0,1545,1596,1973,12,9,16,No,Yes,Yes,No
1726,Yes,0.9,Yes,2,No,51,0.6,193,4,3,379,1223,2239,13,9,13,Yes,No,Yes,No
1130,No,1.8,Yes,0,No,27,0.9,101,1,8,1495,1579,315,14,5,11,Yes,Yes,No,No
1517,No,2.5,No,2,Yes,8,0.8,169,4,18,570,1645,2738,18,16,12,Yes,No,No,No
1122,No,0.5,No,0,Yes,40,0.3,156,7,14,675,1163,1456,9,3,20,Yes,Yes,No,No
1225,Yes,2.4,No,0,No,15,0.1,155,5,0,840,982,1970,16,8,15,Yes,Yes,No,No
915,Yes,0.5,Yes,9,Yes,33,0.3,199,2,16,503,986,2156,7,3,13,Yes,Yes,No,No
1100,Yes,1.6,No,12,No,15,0.1,112,8,14,919,1344,757,12,2,16,Yes,Yes,Yes,No
1232,No,1.2,No,12,No,30,0.9,131,6,14,625,761,1656,8,4,15,Yes,Yes,Yes,No
1791,Yes,0.5,Yes,1,Yes,33,0.5,110,5,4,371,682,594,17,8,16,Yes,No,Yes,No
1799,No,1,No,1,Yes,30,0.6,123,3,9,617,1386,445,10,8,10,Yes,Yes,No,No
1093,No,1.9,Yes,2,Yes,22,0.3,196,8,14,238,807,1869,8,5,4,Yes,Yes,Yes,No
1407,No,1.8,Yes,5,Yes,16,0.2,170,4,6,925,1206,1068,6,0,8,Yes,Yes,No,No
664,No,1.2,Yes,0,No,28,0.9,106,5,5,754,1497,2042,17,15,19,Yes,Yes,No,No
1273,Yes,0.7,No,1,No,23,0.6,178,6,14,485,1399,558,8,5,13,Yes,No,No,No
963,No,0.5,No,1,Yes,60,0.8,156,3,3,742,821,2722,12,6,16,Yes,No,No,No
1447,Yes,2.5,Yes,2,No,9,0.2,155,8,16,737,1455,568,12,11,8,No,No,No,No
1442,No,1,Yes,0,No,27,0.1,192,3,19,231,687,2227,6,5,20,Yes,Yes,No,No
911,Yes,2.2,Yes,1,Yes,28,0.5,182,2,2,157,763,2638,8,4,13,Yes,Yes,Yes,No
1349,Yes,2.2,Yes,5,No,55,0.1,105,7,7,648,1019,2462,15,7,17,Yes,No,Yes,No
840,No,0.9,Yes,6,No,33,0.7,150,6,7,1482,1591,2072,10,8,19,No,Yes,No,No
1310,Yes,2.3,Yes,6,No,57,0.9,135,8,9,449,889,1175,16,0,8,No,No,No,No
1417,Yes,0.5,No,10,Yes,45,0.9,166,4,19,364,1029,2129,13,9,12,Yes,No,Yes,No
1195,Yes,2.8,No,1,Yes,20,0.8,110,2,14,1580,1652,504,9,3,12,Yes,Yes,No,No
1963,Yes,1,No,16,Yes,34,0.1,157,2,17,1136,1813,714,18,2,2,Yes,No,Yes,No
1036,Yes,2.4,No,0,No,39,0.2,119,7,3,373,926,2101,10,7,2,No,Yes,No,No
803,Yes,2.1,No,7,No,17,1,198,4,11,344,1440,2680,7,1,4,Yes,No,Yes,No
1836,No,1.1,Yes,0,No,14,0.7,104,5,1,168,1068,2469,18,6,7,Yes,Yes,Yes,No
1251,No,0.5,Yes,10,Yes,29,0.7,133,6,16,308,591,1052,11,9,11,Yes,No,No,No
1083,Yes,2,No,3,No,41,0.7,158,5,5,937,1164,1543,18,3,10,No,No,Yes,No
1829,No,1.7,No,0,No,36,0.8,112,5,1,291,563,1475,11,4,7,No,No,No,No
1476,Yes,1.2,Yes,0,Yes,55,0.1,171,4,5,1641,1666,1529,13,8,3,Yes,No,Yes,No
1031,Yes,2.1,Yes,2,Yes,11,0.1,121,2,9,532,1247,2385,11,7,16,Yes,No,No,No
668,No,2.9,Yes,7,No,30,0.2,195,8,12,522,1056,2399,10,5,7,Yes,Yes,Yes,No
645,No,0.5,No,1,No,41,1,197,7,10,327,580,2962,12,9,4,Yes,Yes,Yes,No
1132,No,1,No,0,No,8,0.1,157,1,4,1091,1293,1950,11,2,6,No,Yes,Yes,No
601,No,2.1,No,4,No,26,0.3,101,4,18,509,548,918,9,1,12,No,No,No,No
1481,Yes,2,Yes,0,No,35,0.5,105,3,0,249,522,2635,17,16,4,Yes,No,Yes,No
1227,Yes,1.1,Yes,0,No,34,0.2,130,3,3,935,1781,1324,7,3,12,No,Yes,Yes,No
1776,Yes,2.1,Yes,10,No,35,0.1,172,4,16,278,623,1813,16,13,20,Yes,Yes,Yes,No
1663,Yes,2.5,Yes,13,Yes,27,0.3,169,4,14,831,1439,2084,7,1,18,Yes,No,No,No
1751,No,2.5,No,1,No,4,0.6,146,8,9,1499,1952,1155,19,14,12,No,Yes,Yes,No
1667,No,1,Yes,0,Yes,21,0.9,138,2,0,1211,1396,635,17,7,15,Yes,No,No,No
1876,No,2.8,Yes,3,Yes,56,0.4,182,3,4,235,585,3021,12,2,18,Yes,No,No,No
1315,Yes,2.6,No,7,No,64,0.8,128,7,16,59,575,3278,6,3,13,No,No,No,No
1156,Yes,1.2,Yes,0,Yes,50,0.8,159,2,0,322,547,470,7,0,15,Yes,Yes,No,No
1678,Yes,2.3,Yes,11,No,7,0.5,192,1,14,418,1763,574,5,3,19,Yes,No,No,No
1524,No,2.6,Yes,5,No,57,0.5,124,2,12,629,635,947,11,4,16,No,Yes,Yes,No
1935,No,0.5,No,0,Yes,29,0.6,124,5,9,806,860,455,9,2,6,Yes,No,Yes,No
539,No,2,Yes,1,No,24,0.5,86,4,2,958,967,1326,7,4,3,Yes,Yes,No,No
1949,Yes,0.5,Yes,2,Yes,31,0.1,145,5,9,837,1182,832,7,3,19,Yes,No,No,No
1602,Yes,2.8,Yes,4,Yes,38,0.7,114,3,20,466,788,1037,8,7,20,Yes,No,No,No
1217,Yes,0.5,No,3,No,17,0.5,182,4,13,628,632,1711,7,3,9,Yes,No,Yes,No
1277,No,3,No,0,Yes,41,0.3,200,4,3,902,1090,429,9,4,14,Yes,Yes,Yes,No
1619,Yes,0.9,No,3,No,20,0.9,117,6,9,813,1180,464,7,5,16,Yes,No,Yes,No
621,Yes,2.7,Yes,0,No,54,0.1,151,4,20,434,910,2801,6,1,5,Yes,Yes,Yes,No
676,No,2.2,No,1,Yes,39,0.2,84,1,5,864,1011,2064,13,7,6,Yes,No,No,No
1065,Yes,0.5,No,0,Yes,14,0.7,89,2,2,188,928,3078,10,1,18,Yes,No,Yes,No
1445,Yes,0.5,No,0,No,53,0.7,174,7,14,386,836,1099,17,1,20,Yes,No,No,No
1030,Yes,0.5,No,4,Yes,37,0.7,147,1,8,503,551,2800,8,6,12,Yes,No,Yes,No
615,Yes,0.5,Yes,7,No,58,0.5,130,5,8,1021,1958,1906,14,5,5,Yes,No,No,No
864,Yes,3,Yes,0,Yes,54,0.7,187,2,1,127,1670,3121,18,2,16,Yes,Yes,Yes,No
1597,No,2.3,No,11,No,34,0.4,89,1,14,64,1667,934,16,10,9,No,Yes,No,No
950,Yes,0.5,No,9,No,55,0.1,156,5,10,774,843,1095,14,12,13,No,Yes,No,No
675,No,2.4,No,1,No,42,0.6,187,7,2,482,874,2953,9,5,13,Yes,Yes,No,No
625,No,2.7,Yes,2,No,42,0.8,138,8,3,203,1771,2929,10,4,17,Yes,No,No,No
1174,No,0.7,Yes,1,Yes,25,0.8,91,2,8,1097,1461,285,19,7,3,Yes,No,Yes,No
925,Yes,2.1,No,9,No,56,0.2,196,1,14,1262,1520,2466,8,0,5,Yes,No,No,No
1940,Yes,0.9,Yes,4,No,17,0.7,93,5,7,112,858,2297,14,6,8,No,Yes,No,No
1010,Yes,2,Yes,2,Yes,8,0.9,139,5,3,547,957,2625,15,11,12,Yes,Yes,No,No
1264,No,2.9,Yes,2,Yes,34,0.2,171,3,3,562,849,419,7,4,3,Yes,Yes,Yes,No
726,No,2.2,No,0,Yes,40,0.8,94,4,20,323,978,1342,16,11,4,Yes,Yes,Yes,No
1541,Yes,2.8,Yes,10,Yes,28,0.2,165,5,15,796,1052,1108,12,1,7,Yes,No,Yes,No
1210,No,0.5,No,0,No,63,0.1,93,5,0,1177,1462,2394,17,9,7,No,No,No,No
565,No,0.6,Yes,1,No,50,0.1,158,2,8,543,703,2156,13,6,6,Yes,Yes,Yes,No
1713,No,2.5,Yes,1,No,27,0.9,127,7,3,729,974,2406,13,10,20,Yes,No,Yes,No
560,Yes,2,Yes,6,Yes,57,0.3,81,3,12,80,1327,2167,11,10,7,Yes,No,Yes,No
1002,No,2.7,Yes,16,Yes,11,0.4,185,6,18,285,512,961,10,7,19,Yes,No,Yes,No
1652,Yes,1.1,Yes,1,No,36,0.7,89,4,5,313,1264,2338,12,8,20,No,No,No,No
688,Yes,2.5,No,9,No,40,0.2,109,5,20,376,1957,1382,12,7,8,No,Yes,No,No
1715,No,1,Yes,4,Yes,31,0.5,83,8,17,638,1615,625,17,6,13,Yes,No,No,No
1560,No,2.3,No,0,Yes,22,0.8,169,7,1,745,1364,1938,15,11,16,Yes,Yes,Yes,No
1936,No,2.1,Yes,10,Yes,46,0.6,104,3,20,667,1036,2552,14,7,13,Yes,No,No,No
1503,Yes,0.7,No,10,Yes,43,0.2,166,4,14,841,1304,2122,15,1,2,Yes,No,No,No
1350,Yes,0.5,Yes,0,Yes,50,0.8,181,8,4,369,544,2287,15,1,8,Yes,Yes,No,No
657,Yes,1.9,Yes,2,No,21,0.1,110,8,8,705,1905,783,6,1,11,Yes,Yes,No,No
1414,Yes,2.2,Yes,0,Yes,49,0.5,101,4,1,130,887,2290,13,0,12,Yes,Yes,No,No
1162,No,2,No,0,Yes,56,0.7,114,7,1,56,997,1652,5,0,20,Yes,No,No,No
826,No,0.6,No,3,No,62,0.7,187,4,19,778,1615,1998,17,4,17,No,No,No,No
1544,No,2.3,No,12,Yes,45,0.1,113,8,20,236,857,1300,8,7,18,Yes,Yes,No,No
633,Yes,1.4,No,0,Yes,46,0.7,102,6,10,709,1915,1401,19,14,11,Yes,Yes,No,No
1317,No,1.5,No,6,No,12,0.1,154,2,9,431,542,425,7,0,11,Yes,Yes,Yes,No
994,Yes,2.8,Yes,0,No,56,0.5,173,3,3,491,530,3190,5,2,20,Yes,Yes,Yes,No
993,Yes,2.3,Yes,0,No,16,0.4,106,7,13,424,1639,1113,14,1,6,No,No,Yes,No
1973,No,1.6,Yes,5,Yes,39,0.8,152,4,6,792,1181,1993,9,0,5,Yes,No,No,No
852,No,1.8,Yes,5,Yes,8,0.8,160,5,9,683,1349,315,7,6,20,Yes,No,No,No
1175,No,0.6,No,10,No,25,0.1,145,2,12,137,1501,3153,9,4,12,Yes,No,No,No
1914,No,0.7,No,1,No,35,0.6,118,8,2,942,1701,643,17,1,8,Yes,No,Yes,No
958,Yes,1.6,No,9,Yes,60,0.4,200,1,12,730,751,1417,10,4,19,Yes,No,Yes,No
1949,No,2.6,Yes,4,No,47,0.3,199,4,7,407,822,1433,11,5,20,No,No,Yes,No
568,No,2,No,1,No,36,0.3,179,3,4,181,1703,950,17,9,9,Yes,No,No,No
1093,No,0.5,No,1,Yes,31,0.6,171,2,12,1310,1420,1646,12,0,6,Yes,Yes,No,No
1559,Yes,1.3,Yes,10,Yes,10,0.3,114,8,17,117,681,2203,7,5,15,Yes,Yes,Yes,No
1354,Yes,0.7,Yes,3,Yes,26,0.5,136,4,6,297,918,2090,5,1,13,Yes,Yes,No,No
667,No,1.3,Yes,4,Yes,6,0.1,149,6,10,272,870,3566,9,5,12,Yes,No,Yes,No
1577,No,0.5,Yes,0,Yes,42,0.3,197,5,4,1045,1737,2060,19,6,12,Yes,No,No,No
1329,Yes,1.7,No,5,Yes,23,0.6,198,8,6,380,682,2308,11,10,9,Yes,Yes,No,No
977,Yes,1.1,Yes,2,No,57,0.6,181,6,7,63,566,1206,7,1,8,No,Yes,Yes,No
1673,Yes,1.6,No,2,No,42,0.5,182,5,6,214,679,3094,12,4,20,No,No,No,No
1039,No,0.5,Yes,8,No,47,0.2,130,8,9,384,1878,1742,18,12,15,Yes,No,No,No
754,No,0.5,Yes,7,Yes,59,0.7,178,7,10,1914,1928,1027,6,3,5,Yes,No,No,No
1805,Yes,0.5,No,0,No,29,0.2,182,4,2,758,891,1276,19,4,17,No,Yes,No,No
1218,Yes,2.8,Yes,3,No,39,0.8,150,7,14,1122,1746,1667,10,0,12,No,No,No,No
1809,Yes,1.7,No,3,Yes,59,0.1,174,3,4,639,721,2324,10,6,16,Yes,No,Yes,No
880,No,0.5,Yes,1,No,44,0.5,172,8,15,436,1302,3132,8,7,6,No,Yes,Yes,No
772,No,2.6,Yes,7,No,6,0.1,100,2,10,741,1471,929,13,6,18,No,Yes,Yes,No
1533,Yes,1.1,Yes,18,Yes,17,0.3,160,4,20,1054,1393,2520,8,2,11,Yes,No,Yes,No
1702,Yes,0.5,Yes,8,No,2,0.6,185,6,19,921,1351,435,12,9,3,No,Yes,Yes,No
1588,Yes,2.5,No,12,Yes,4,0.3,148,5,20,146,822,2506,5,3,11,Yes,No,No,No
1106,Yes,1.9,No,4,No,54,0.7,107,3,9,614,1212,2674,9,3,9,Yes,No,Yes,No
1801,No,0.5,Yes,6,No,52,0.9,120,6,10,100,1708,258,14,8,9,Yes,No,No,No
1122,No,2.8,No,0,No,28,0.6,184,3,4,1578,1963,1402,14,10,3,No,Yes,No,No
1074,No,2.4,Yes,2,Yes,9,0.9,103,6,14,946,952,1948,13,1,18,Yes,Yes,Yes,No
506,No,1.6,No,6,Yes,41,0.8,159,1,7,875,1025,2965,13,10,15,Yes,No,No,No
1310,No,1.4,No,0,No,33,0.4,105,1,14,806,1016,1301,13,12,19,No,No,Yes,No
717,No,1.1,Yes,2,Yes,14,0.1,99,8,6,1878,1981,629,16,15,20,Yes,No,No,No
1092,Yes,0.5,Yes,10,No,11,0.5,167,3,14,468,571,737,14,4,11,No,Yes,No,No
1086,Yes,1.7,Yes,0,Yes,43,0.2,111,6,1,56,1150,3285,11,5,17,Yes,Yes,No,No
1882,Yes,1.3,Yes,8,No,47,0.2,140,2,13,119,652,2500,17,1,11,No,No,Yes,No
1271,No,0.5,Yes,2,No,54,0.1,159,8,3,613,650,990,14,11,6,No,Yes,Yes,No
1600,No,2.5,Yes,1,No,19,0.6,88,6,9,831,1713,1179,10,3,18,No,No,Yes,No
1979,Yes,1.6,Yes,0,No,32,0.2,165,7,1,833,1630,452,13,6,14,No,Yes,No,No
1110,No,1.5,No,4,Yes,41,0.1,152,3,16,800,1455,2572,16,5,16,Yes,No,Yes,No
959,Yes,1.7,No,15,No,13,0.4,155,4,16,87,736,3328,10,9,10,Yes,Yes,Yes,No
1550,Yes,2.5,No,6,No,21,0.8,133,2,11,268,832,2338,16,1,15,No,Yes,No,No
1049,Yes,2.2,No,9,No,63,0.5,135,5,17,199,1077,1022,11,3,13,No,No,No,No
1749,Yes,0.5,Yes,7,Yes,49,0.8,178,1,8,470,775,2195,5,4,4,Yes,No,Yes,No
539,Yes,0.6,Yes,9,No,21,0.1,145,7,14,551,599,3597,14,5,9,No,No,No,No
895,No,0.5,Yes,6,No,16,0.3,164,8,14,126,1575,3122,7,0,4,No,No,Yes,No
659,No,1.4,Yes,2,Yes,3,0.1,85,8,6,190,657,967,10,1,14,Yes,No,Yes,No
574,Yes,3,No,1,Yes,30,0.9,126,2,3,94,1334,1167,5,3,19,Yes,No,No,No
1509,No,0.6,Yes,5,No,50,0.3,81,4,8,1010,1684,1540,12,8,3,Yes,Yes,No,No
1581,Yes,1,No,9,No,41,0.4,172,4,19,693,850,1384,19,9,2,No,Yes,Yes,No
1129,Yes,2.8,Yes,0,No,49,0.5,185,2,2,1070,1079,1857,8,4,5,Yes,Yes,Yes,No
1453,No,1.6,Yes,12,Yes,52,0.3,96,2,18,187,1311,2373,10,1,10,Yes,Yes,Yes,No
1332,No,1.3,Yes,5,Yes,7,0.8,168,7,19,846,855,2790,19,11,10,Yes,Yes,No,No
1207,No,0.5,No,0,No,58,0.3,112,8,0,406,681,503,7,3,5,Yes,Yes,No,No
576,No,1.2,No,1,No,30,0.8,162,8,5,847,893,2800,11,6,16,No,Yes,Yes,No
1457,No,1.9,Yes,1,Yes,16,0.3,102,3,10,1013,1287,1440,17,8,12,Yes,No,Yes,No
1641,No,1.1,No,6,No,48,0.7,97,8,7,224,1994,1695,13,6,17,Yes,No,Yes,No
713,Yes,1.6,No,7,Yes,2,0.4,181,8,9,1211,1378,485,10,6,4,Yes,Yes,Yes,No
586,Yes,0.6,No,16,Yes,42,0.3,121,7,17,785,1118,1869,12,2,7,Yes,Yes,Yes,No
874,No,1.3,No,5,No,8,0.5,185,1,20,442,1248,582,6,4,15,No,No,No,No
1170,Yes,0.9,No,6,Yes,14,0.4,199,2,13,474,709,715,18,5,20,Yes,No,Yes,No
1715,No,1.3,No,0,Yes,12,0.3,94,8,6,1224,1676,1633,15,10,5,Yes,Yes,Yes,No
541,Yes,2.3,No,4,No,51,0.4,200,8,17,1012,1226,403,11,2,12,No,No,No,No
1424,No,0.5,Yes,16,Yes,23,0.6,80,4,18,1399,1663,1053,14,11,16,Yes,Yes,Yes,No
1163,Yes,2.1,Yes,0,Yes,19,0.9,132,2,1,728,818,2940,13,0,15,Yes,No,Yes,No
685,No,2.7,No,7,No,17,0.3,174,6,20,725,870,1223,8,0,18,Yes,No,Yes,No
1089,Yes,0.9,Yes,12,Yes,2,0.7,145,5,15,636,1259,2765,13,12,10,Yes,No,Yes,No
1413,Yes,1.7,No,2,No,10,0.2,200,6,6,314,1606,2867,5,4,15,No,Yes,No,No
1194,No,2.3,No,6,Yes,34,0.2,165,2,12,494,509,313,15,1,19,Yes,Yes,No,No
1851,Yes,1.9,Yes,3,Yes,12,0.9,198,6,11,293,1967,735,7,6,14,Yes,No,Yes,No
848,Yes,1.5,Yes,4,Yes,36,0.3,151,4,16,56,527,2289,10,2,19,Yes,Yes,Yes,No
1444,Yes,2.1,Yes,0,No,6,0.9,103,1,1,1274,1340,712,17,5,10,No,No,No,No
987,No,2,Yes,1,No,20,0.8,192,7,3,412,565,1454,11,3,8,Yes,Yes,No,No
582,No,0.5,Yes,3,No,27,0.2,168,3,10,985,1420,2437,19,2,2,Yes,Yes,Yes,No
1183,Yes,0.5,Yes,3,Yes,48,0.1,120,8,12,268,1010,1152,8,3,3,Yes,No,No,No
623,No,2,No,2,No,6,0.1,127,3,4,144,672,3657,17,3,19,Yes,Yes,No,No
609,Yes,0.5,No,4,Yes,10,0.1,81,6,6,113,1524,1905,16,3,18,Yes,Yes,Yes,No
691,Yes,2.7,Yes,4,Yes,33,0.9,108,4,8,951,962,424,5,3,15,Yes,Yes,Yes,No
1567,No,0.5,Yes,3,No,22,0.5,119,6,6,545,1621,2312,9,1,18,Yes,No,No,No
1811,Yes,2.5,No,4,Yes,5,0.6,98,4,16,447,568,2700,13,7,8,Yes,Yes,Yes,No
1462,Yes,1.7,Yes,1,No,25,0.2,182,7,18,91,1478,824,15,5,13,Yes,No,Yes,No
548,No,1,Yes,0,Yes,56,0.4,146,4,14,657,1657,562,17,14,8,Yes,Yes,Yes,No
946,Yes,1.4,No,9,No,26,0.1,186,6,10,273,891,1637,7,3,6,Yes,No,Yes,No
1514,Yes,1.4,No,3,Yes,12,0.6,138,3,4,306,538,1037,15,3,15,Yes,No,Yes,No
1327,No,2.8,No,10,No,23,0.5,89,7,16,441,1721,872,7,5,4,Yes,Yes,Yes,No
1129,Yes,0.8,Yes,9,Yes,21,0.6,116,2,10,1128,1702,1400,11,0,13,Yes,Yes,No,No
920,Yes,0.5,No,2,No,46,0.8,149,3,3,1058,1421,2608,6,0,2,No,No,Yes,No
586,No,2.8,No,2,No,15,0.2,83,3,11,241,854,2592,12,8,3,No,No,No,No
1910,Yes,1.7,No,0,No,34,0.6,115,2,0,985,1284,309,8,4,10,No,No,Yes,No
1178,No,2.2,Yes,6,No,57,0.3,84,3,17,96,1352,2492,16,14,10,Yes,Yes,No,No
1602,No,2.7,No,4,Yes,46,0.6,118,1,5,273,1062,1862,16,9,2,Yes,No,Yes,No
775,No,1,No,3,No,46,0.7,159,2,16,862,1864,568,17,15,11,Yes,Yes,Yes,No
1412,Yes,2.4,No,5,No,25,0.8,96,8,17,516,1894,837,15,9,4,No,No,Yes,No
864,No,1.6,Yes,0,Yes,53,0.3,88,6,1,262,1436,493,18,9,10,Yes,Yes,No,No
1527,No,2.7,No,10,Yes,60,0.1,154,5,14,526,1116,2078,5,3,11,Yes,Yes,Yes,No
797,No,2.2,Yes,0,No,37,0.9,144,7,2,206,1167,2216,9,5,6,Yes,No,No,No
818,No,1.3,No,14,No,43,0.9,177,6,15,111,510,546,12,6,7,Yes,Yes,Yes,No
594,Yes,2.6,No,1,No,27,0.1,196,5,2,407,528,708,17,5,17,No,Yes,Yes,No
1318,No,1.9,Yes,0,Yes,11,0.8,188,2,15,688,1591,1780,12,10,2,Yes,No,No,No
1191,No,0.8,No,6,Yes,46,0.8,89,6,9,42,807,824,19,18,7,Yes,No,No,No
1828,Yes,2.1,Yes,0,No,17,0.9,199,1,1,336,898,2280,17,14,4,No,No,No,No
592,No,0.8,Yes,1,No,52,0.9,103,7,10,332,970,1507,5,0,4,No,No,Yes,No
1822,No,1.2,No,0,No,8,0.2,195,6,0,172,910,2577,9,5,8,Yes,Yes,No,No
1763,No,0.5,Yes,12,No,10,0.2,184,3,19,238,1893,792,17,12,13,Yes,No,Yes,No
1821,Yes,1.2,No,13,Yes,44,0.6,141,2,14,1208,1212,1411,8,2,15,Yes,Yes,No,No
1442,No,0.6,Yes,1,No,27,0.4,127,5,8,266,642,991,14,8,7,Yes,No,No,No
759,No,2.5,No,3,Yes,39,0.3,162,2,8,110,1317,968,6,2,2,Yes,No,No,No
1000,No,2.7,No,1,Yes,58,1,135,5,12,461,833,862,7,0,20,Yes,No,No,No
1092,No,2.7,Yes,8,No,45,0.8,185,1,10,1404,1424,1303,12,3,20,No,Yes,Yes,No
536,No,2.4,Yes,12,Yes,3,0.3,182,7,14,1386,1539,284,12,9,4,Yes,Yes,No,No
1053,No,2.9,No,7,No,42,0.9,126,6,17,419,1261,1339,17,0,14,No,No,Yes,No
1319,Yes,0.9,No,3,Yes,41,0.9,107,1,18,85,1152,2227,18,5,3,Yes,Yes,Yes,No
814,Yes,1.1,Yes,2,No,41,0.8,177,2,10,1092,1406,1944,16,6,12,Yes,No,No,No
1403,Yes,2.5,Yes,3,No,62,0.9,90,4,13,217,1623,921,14,13,18,Yes,No,No,No
1514,No,2.9,No,0,No,27,0.2,118,3,1,186,1810,1152,8,3,20,No,Yes,Yes,No
1895,No,0.5,No,2,Yes,5,0.7,134,1,11,725,1335,774,15,4,6,Yes,Yes,No,No
1077,No,2.5,Yes,0,Yes,45,1,174,3,4,897,1304,1965,6,2,6,Yes,Yes,No,No
1967,No,0.5,No,0,Yes,46,0.6,199,1,7,518,1374,1567,15,2,7,Yes,Yes,No,No
869,Yes,1,No,7,Yes,57,0.6,118,1,15,1243,1584,2727,13,3,8,Yes,No,No,No
1713,Yes,2,No,9,Yes,5,0.7,199,6,16,108,1963,1513,15,6,2,Yes,No,Yes,No
614,No,1.7,Yes,0,Yes,58,0.2,128,7,2,22,519,3487,15,6,11,Yes,Yes,Yes,No
1656,Yes,0.5,Yes,8,Yes,38,0.1,105,7,17,506,519,1499,12,8,19,Yes,No,Yes,No
559,Yes,0.5,No,10,No,11,0.4,82,5,14,541,823,2019,10,4,16,Yes,Yes,Yes,No
1089,No,1.4,Yes,10,No,2,0.1,153,7,20,211,1409,2620,7,5,13,Yes,No,No,No
1624,Yes,2.6,Yes,0,No,58,1,200,3,11,1530,1744,1251,13,4,18,No,Yes,Yes,No
1068,No,1.3,No,6,Yes,52,0.1,97,8,7,994,1500,1436,16,1,15,Yes,No,No,No
1193,Yes,2.3,No,7,No,20,1,158,7,13,1442,1904,1958,7,5,2,Yes,No,No,No
1992,Yes,1.6,No,5,Yes,57,1,100,2,15,1552,1596,606,9,3,4,Yes,Yes,Yes,No
914,Yes,0.5,No,0,Yes,26,0.7,147,4,0,706,721,1122,12,9,2,Yes,Yes,Yes,No
1396,No,2.4,Yes,0,No,46,0.1,138,7,1,1191,1347,2389,7,3,15,No,No,Yes,No
1212,No,2.6,No,1,Yes,46,0.3,102,4,8,611,1715,2249,14,3,4,Yes,Yes,Yes,No
1242,Yes,2.4,No,8,No,28,0.2,166,4,9,315,1796,318,11,10,19,Yes,No,No,No
1234,Yes,1.6,Yes,1,No,33,0.6,172,1,3,166,778,1449,11,7,6,No,No,Yes,No
1278,Yes,0.5,Yes,1,No,54,0.1,104,8,16,581,750,1155,7,1,20,No,No,Yes,No
1530,No,2,No,11,No,42,0.8,177,6,13,454,1975,725,11,10,19,No,No,Yes,No
793,No,1,Yes,5,Yes,30,0.9,133,2,15,1858,1935,2332,17,13,14,Yes,Yes,Yes,No
1770,No,2.3,Yes,0,No,7,0.8,128,7,6,886,1552,1480,6,1,17,Yes,No,No,No
1265,No,0.6,Yes,4,Yes,49,0.5,90,1,5,275,687,1518,16,11,8,Yes,No,Yes,No
1827,No,1.7,No,4,Yes,39,0.5,128,5,16,55,1020,2844,14,9,10,Yes,Yes,No,No
1995,Yes,1.9,No,6,No,9,0.8,139,6,18,1830,1963,1203,14,12,18,Yes,Yes,Yes,No
1994,Yes,0.8,Yes,2,Yes,7,0.6,88,8,4,667,711,454,11,8,6,Yes,Yes,No,No
965,Yes,0.5,No,15,No,53,1,131,8,19,297,653,3227,12,6,8,Yes,No,No,No
718,Yes,1.6,Yes,1,Yes,30,0.4,93,3,12,662,997,1601,10,9,12,Yes,Yes,Yes,No
1392,No,2.5,No,0,Yes,44,0.7,113,4,2,482,1098,1280,8,1,16,Yes,No,Yes,No
1280,Yes,1.3,No,0,Yes,39,1,108,7,1,356,588,2335,6,4,2,Yes,No,Yes,No
1678,No,2.1,No,3,Yes,64,0.9,134,3,11,436,536,278,19,0,10,Yes,Yes,No,No
879,No,1.5,Yes,0,Yes,21,0.8,187,4,2,463,1038,2927,14,13,11,Yes,No,Yes,No
1137,No,2.2,No,6,Yes,3,0.9,173,5,7,1250,1285,316,15,14,17,Yes,No,No,No
1993,Yes,0.5,No,10,Yes,27,0.3,147,8,11,150,510,2437,14,0,9,Yes,No,No,No
683,Yes,2.1,No,7,No,30,0.1,197,7,8,927,1135,2066,9,0,15,No,No,No,No
1380,Yes,2.1,Yes,1,Yes,4,0.8,92,3,13,420,500,797,13,2,15,Yes,Yes,No,No
1996,No,2.5,No,5,Yes,51,0.4,122,4,9,671,1445,2236,8,7,12,Yes,No,Yes,No
964,No,2,No,0,Yes,22,0.7,86,8,0,225,1234,2577,17,16,5,Yes,Yes,No,No
1139,Yes,0.9,Yes,6,Yes,58,0.5,161,2,11,742,999,1850,9,4,8,Yes,No,No,No
1807,Yes,2.1,No,2,No,49,0.8,125,1,10,337,1384,1906,17,13,13,No,Yes,Yes,No
1603,Yes,0.5,Yes,1,Yes,17,0.5,114,2,8,430,1207,1637,17,3,11,Yes,No,Yes,No
867,No,1.4,Yes,0,Yes,4,0.7,135,6,1,70,1974,790,13,6,3,Yes,Yes,No,No
593,No,0.5,No,6,No,31,0.4,156,7,7,1233,1317,1692,6,2,7,Yes,No,No,No
606,No,2.5,No,1,Yes,53,0.2,146,4,2,465,1152,1223,19,12,7,Yes,No,No,No
873,Yes,0.5,Yes,6,No,8,0.6,152,7,9,1257,1411,575,15,8,7,Yes,No,Yes,No
1576,No,2.6,No,7,No,58,0.2,90,3,16,400,631,336,14,8,13,Yes,Yes,Yes,No
1352,No,2.4,No,5,Yes,6,0.9,92,6,9,629,1299,1309,12,1,14,Yes,No,No,No
1286,Yes,2.3,No,10,Yes,16,0.1,98,2,18,18,662,424,10,5,4,Yes,Yes,No,No
893,No,2.5,Yes,0,No,55,0.6,183,2,1,417,946,2986,7,1,6,No,Yes,Yes,No
1021,No,1.3,No,7,No,9,0.7,192,2,12,901,1793,1355,6,1,14,Yes,Yes,No,No
627,No,1.8,No,2,No,20,0.8,142,3,8,211,507,896,17,6,14,No,No,No,No
1923,No,1,Yes,5,Yes,14,0.9,154,4,6,15,525,2519,13,0,16,Yes,No,Yes,No
1179,Yes,0.8,No,1,No,5,0.9,154,5,17,913,1429,543,8,7,18,No,No,Yes,No
512,Yes,0.5,Yes,7,No,15,0.9,83,3,15,249,1849,2610,18,14,15,No,Yes,Yes,No
708,Yes,2.7,Yes,0,Yes,63,1,195,8,7,78,654,2169,6,5,7,Yes,Yes,Yes,No
1790,No,2.5,Yes,9,No,2,0.1,184,1,14,622,792,1366,7,0,20,Yes,Yes,Yes,No
1698,No,2.5,No,10,Yes,26,0.4,105,2,18,485,1819,1656,5,3,17,Yes,No,Yes,No
1905,No,0.6,Yes,9,Yes,36,0.4,119,3,20,825,1542,1287,13,4,16,Yes,No,No,No
875,No,0.7,No,2,No,23,0.1,110,7,7,300,1316,756,14,5,6,No,No,No,No
1242,No,1.1,Yes,0,No,10,0.6,165,2,1,459,1225,1050,11,1,4,Yes,No,Yes,No
1569,No,2.8,Yes,17,No,44,0.3,110,4,20,45,1942,1260,9,2,17,Yes,No,No,No
1741,Yes,0.5,No,1,Yes,55,0.1,140,5,3,719,755,2575,13,10,7,Yes,Yes,Yes,No
654,Yes,1.3,No,0,Yes,52,0.7,196,4,4,1715,1898,1036,17,4,13,Yes,No,No,No
881,No,1,No,1,No,64,0.5,160,3,6,115,636,2110,18,9,6,Yes,Yes,Yes,No
1645,Yes,1.8,No,1,No,21,0.7,123,7,2,897,1308,783,10,8,20,Yes,No,No,No
501,Yes,0.5,Yes,14,No,22,0.5,174,6,20,239,1636,3077,17,3,17,No,No,No,No
890,Yes,2.2,Yes,4,No,44,0.5,198,8,13,1074,1873,751,7,3,3,No,No,No,No
1807,No,2,Yes,0,Yes,13,0.5,155,8,0,970,974,323,9,3,3,Yes,Yes,Yes,No
1218,No,1.8,Yes,1,Yes,14,0.5,147,3,4,229,616,398,17,0,5,Yes,No,No,No
1442,No,2.2,No,0,Yes,56,0.7,145,5,3,1626,1668,1513,11,8,7,Yes,Yes,No,No
721,No,0.5,Yes,6,Yes,6,0.4,194,4,9,1446,1988,530,8,4,8,Yes,No,Yes,No
1272,Yes,2.5,Yes,0,No,22,0.9,133,6,8,605,669,2235,19,4,4,Yes,No,No,No
1273,No,1,No,3,Yes,48,0.4,99,4,15,490,886,1767,18,15,11,Yes,Yes,No,No
1744,Yes,1,No,1,Yes,20,0.5,112,8,3,68,718,1205,18,7,14,Yes,No,No,No
1391,No,1.4,No,2,Yes,36,0.8,182,1,6,14,1256,3139,14,7,14,Yes,Yes,No,No
558,Yes,2.8,No,1,Yes,49,0.8,142,5,4,997,1605,392,10,5,8,Yes,Yes,Yes,No
1178,Yes,1.3,No,0,No,49,0.6,101,5,0,579,596,2511,6,3,17,No,No,No,No
1900,Yes,2,Yes,1,No,41,0.5,190,8,6,912,1596,850,5,1,4,Yes,Yes,Yes,No
635,Yes,0.6,Yes,1,Yes,50,0.3,97,5,13,193,989,2107,13,12,12,Yes,No,No,No
564,No,3,Yes,1,No,8,0.7,130,2,3,853,1737,2227,9,2,14,Yes,No,Yes,No
1220,Yes,2.8,No,1,No,54,0.7,109,7,20,383,1249,1037,6,4,15,Yes,No,No,No
1147,No,0.8,Yes,11,No,28,0.7,158,6,13,1085,1134,2627,18,3,15,Yes,No,Yes,No
1592,No,2.1,No,6,Yes,50,0.1,181,2,17,510,522,2103,19,8,7,Yes,No,No,No
1959,No,0.5,Yes,5,No,18,0.7,191,6,20,65,1055,619,7,4,8,Yes,Yes,Yes,No
1266,No,0.5,No,0,Yes,5,0.1,95,6,9,1365,1698,1687,11,0,18,Yes,No,No,No
793,Yes,1.9,Yes,0,Yes,43,0.3,124,8,2,15,1196,1050,11,9,3,Yes,Yes,Yes,No
1059,No,0.5,Yes,0,No,50,0.7,182,8,1,519,1545,619,5,3,18,No,Yes,Yes,No
1831,Yes,2.2,Yes,4,No,55,1,189,8,9,1693,1790,1133,14,3,10,No,Yes,No,No
728,No,2.7,Yes,0,No,25,0.2,88,4,1,526,1529,2039,5,1,12,Yes,Yes,Yes,No
1206,No,3,Yes,10,Yes,30,0.6,127,3,13,1581,1713,1825,7,1,4,Yes,No,Yes,No
848,Yes,2.8,No,1,No,8,0.1,103,7,3,7,1294,436,10,6,15,Yes,Yes,Yes,No
808,No,1.9,No,7,No,20,0.8,185,6,14,496,974,1471,13,4,11,No,Yes,No,No
1066,No,1.6,No,5,No,39,0.6,131,5,17,401,1586,2728,6,0,17,Yes,Yes,Yes,No
1872,No,0.5,Yes,3,No,17,0.7,89,6,6,1749,1767,724,17,3,9,Yes,No,Yes,No
1966,No,0.8,Yes,15,Yes,48,0.2,144,1,16,1242,1973,1252,6,4,19,Yes,Yes,Yes,No
536,Yes,1.4,No,0,Yes,53,0.7,135,3,0,547,705,1211,15,10,7,Yes,No,Yes,No
667,No,2.6,Yes,3,No,8,0.8,185,1,7,1015,1947,2528,11,8,8,No,Yes,No,No
1617,Yes,1.3,Yes,3,Yes,30,0.7,105,2,4,246,1038,829,9,0,10,Yes,No,No,No
722,No,1.1,No,12,No,12,1,93,6,20,138,1371,2359,13,6,3,No,No,No,No
1299,No,2.8,Yes,2,No,60,0.8,187,8,6,1333,1838,1412,13,1,20,No,Yes,Yes,No
1441,No,0.6,Yes,0,Yes,53,0.5,106,1,12,254,954,1393,9,4,4,Yes,Yes,Yes,No
1171,Yes,1.7,Yes,2,No,19,0.3,167,7,19,248,755,263,6,5,8,No,No,No,No
1642,Yes,1.6,Yes,0,No,5,0.4,102,5,2,1686,1889,1333,18,0,2,No,No,Yes,No
645,No,2.5,No,10,Yes,63,1,174,4,14,278,584,3615,18,8,13,Yes,No,Yes,No
1568,Yes,0.5,No,16,No,33,1,150,8,20,413,654,508,5,1,6,Yes,Yes,Yes,No
1625,Yes,0.5,Yes,2,Yes,50,0.1,107,8,17,8,1219,670,16,3,8,Yes,No,No,No
819,No,0.6,Yes,8,Yes,42,0.9,188,6,20,339,1242,1814,5,4,13,Yes,No,Yes,No
1268,Yes,2.9,No,9,Yes,42,0.9,182,6,17,360,912,931,11,5,20,Yes,Yes,No,No
662,No,0.5,No,5,No,20,0.8,138,1,10,1001,1224,2125,17,15,15,No,Yes,Yes,No
504,Yes,2.8,Yes,2,No,54,0.4,163,2,10,1207,1539,2378,17,11,2,Yes,No,No,No
594,No,0.8,No,2,Yes,28,0.1,132,5,3,1011,1263,3087,16,4,4,Yes,Yes,Yes,No
571,No,1.6,Yes,8,No,35,0.2,186,7,20,177,1282,2598,13,5,8,Yes,Yes,No,No
1068,No,0.5,Yes,0,Yes,19,0.9,197,8,9,322,875,1209,19,12,12,Yes,Yes,No,No
776,Yes,1.7,No,0,Yes,20,1,146,4,9,991,1803,685,15,11,7,Yes,Yes,Yes,No
1006,No,2.2,Yes,4,Yes,22,0.8,135,4,8,35,991,909,18,4,7,Yes,No,Yes,No
1591,Yes,2.2,Yes,4,Yes,52,1,161,3,16,548,1641,282,10,9,14,Yes,Yes,Yes,No
1979,Yes,2.9,Yes,0,Yes,19,1,176,3,9,1331,1532,411,8,2,2,Yes,Yes,Yes,No
821,No,1.8,Yes,5,No,54,0.1,109,3,9,253,1786,3185,8,4,15,Yes,No,No,No
1347,No,2.9,No,5,No,44,0.6,132,1,14,434,967,2484,18,2,11,Yes,No,Yes,No
1730,No,2,Yes,0,Yes,20,0.1,143,4,10,418,1023,1595,14,0,12,Yes,Yes,No,No
703,Yes,2.7,No,12,Yes,30,0.3,113,1,20,218,1065,1472,14,7,7,Yes,No,No,No
530,No,2.4,No,1,No,32,0.3,88,6,20,48,1012,959,17,7,6,No,Yes,No,No
1307,No,1.8,No,2,No,7,0.6,88,7,3,897,1103,1412,16,9,5,No,No,Yes,No
1172,Yes,2.1,Yes,4,No,41,0.1,95,3,7,1314,1884,1107,7,3,5,No,No,No,No
636,No,0.5,No,8,Yes,28,0.9,152,2,15,148,742,2927,15,6,3,Yes,No,No,No
1472,No,3,No,4,Yes,20,0.3,169,2,6,443,892,797,6,1,11,Yes,Yes,No,No
637,Yes,0.8,Yes,2,No,28,0.6,194,4,6,1080,1289,2725,15,10,7,No,No,No,No
1160,No,1.1,No,1,Yes,63,0.7,166,3,2,762,859,595,18,4,15,Yes,No,Yes,No
510,No,1.7,Yes,3,No,35,0.8,120,3,6,382,1228,2509,17,2,11,No,Yes,Yes,No
1289,No,0.9,No,10,Yes,25,1,178,6,12,765,899,1043,6,2,11,Yes,Yes,No,No
1549,Yes,1.8,Yes,0,No,62,0.7,91,4,4,167,990,799,7,3,9,Yes,No,Yes,No
833,Yes,2.2,No,4,No,27,0.9,124,1,6,359,1395,2150,9,5,7,No,Yes,Yes,No
1163,No,2.8,Yes,0,No,49,0.6,155,2,0,520,754,2768,19,2,12,No,No,Yes,No
763,Yes,0.5,No,9,Yes,51,0.3,104,5,12,273,1278,2865,11,6,9,Yes,Yes,Yes,No
